accountID,transactionDATE,transactionTYPE,Description,Amount,accountBAL
8010-27075685-001,2024-01-01 00:00:00,Salary Deposit,Monthly Salary Deposit,4500.0,4500.0
8010-27075685-001,2024-01-01 00:00:00,House Rental,Monthly House Rental Payment,-1500.0,3000.0
8010-27075685-001,2024-01-01 03:39:52,House Rental,House Rental,-1500.0,1500.0
8010-27075685-001,2024-01-01 15:06:37,Withdrawal,ATM Withdrawal,-620.9,879.1
8010-27075685-001,2024-01-03 05:19:29,Withdrawal,ATM Withdrawal,-1639.16,-760.06
8010-27075685-001,2024-01-04 04:01:42,Deposit,Payment for Personal Loan Repayment,615.1,-144.96
8010-27075685-001,2024-01-04 04:18:58,Withdrawal,ATM Withdrawal,-1116.69,-1261.65
8010-27075685-001,2024-01-04 10:45:32,Withdrawal,ATM Withdrawal,-1351.51,-2613.16
8010-27075685-001,2024-01-05 01:42:30,Deposit,Payment for Birthday Gift,936.35,-1676.81
8010-27075685-001,2024-01-05 04:23:43,House Rental,House Rental,-1500.0,-3176.81
8010-27075685-001,2024-01-05 04:40:18,Deposit,Payment for Tax Overpayment Refund,903.9,-2272.91
8010-27075685-001,2024-01-05 18:39:42,Bank Fee,Transfer Fee,-26.42,-2299.33
8010-27075685-001,2024-01-06 01:38:18,Bill Payment,Payment to Dentist’s Office,-125.27,-2424.6
8010-27075685-001,2024-01-06 11:04:26,Bill Payment,Payment to Medical Lab Fee,-799.08,-3223.68
8010-27075685-001,2024-01-07 06:14:43,House Rental,House Rental,-1500.0,-4723.68
8010-27075685-001,2024-01-07 09:26:30,Bill Payment,Payment to Home Security Monitoring,-358.89,-5082.57
8010-27075685-001,2024-01-07 21:28:20,Bill Payment,Payment to Pet Grooming Service,-161.73,-5244.3
8010-27075685-001,2024-01-07 22:07:33,Bank Fee,Overdraft Fee,-19.12,-5263.42
8010-27075685-001,2024-01-08 03:18:05,Withdrawal,ATM Withdrawal,-1806.36,-7069.78
8010-27075685-001,2024-01-08 10:55:59,Bank Fee,Transfer Fee,-36.17,-7105.95
8010-27075685-001,2024-01-08 15:23:52,Bill Payment,Payment to Home Phone Service,-587.36,-7693.31
8010-27075685-001,2024-01-08 15:47:54,Bill Payment,Payment to Charity Donation,-333.48,-8026.79
8010-27075685-001,2024-01-08 23:43:04,Merchant Payment,Payment to GoShop,-361.35,-8388.14
8010-27075685-001,2024-01-09 08:28:33,Withdrawal,ATM Withdrawal,-434.34,-8822.48
8010-27075685-001,2024-01-09 10:05:11,Merchant Payment,Payment to Sushi King,-68.86,-8891.34
8010-27075685-001,2024-01-09 19:57:03,House Rental,House Rental,-1500.0,-10391.34
8010-27075685-001,2024-01-09 22:05:05,Bank Fee,Transfer Fee,-36.16,-10427.5
8010-27075685-001,2024-01-10 10:17:08,Bank Fee,Monthly Maintenance,-48.8,-10476.3
8010-27075685-001,2024-01-10 16:36:08,House Rental,House Rental,-1500.0,-11976.3
8010-27075685-001,2024-01-11 07:57:57,Bill Payment,Payment to Dental Insurance Co.,-128.16,-12104.46
8010-27075685-001,2024-01-11 19:21:39,Bank Fee,Overdraft Fee,-11.42,-12115.88
8010-27075685-001,2024-01-12 04:01:02,House Rental,House Rental,-1500.0,-13615.88
8010-27075685-001,2024-01-12 14:08:58,Withdrawal,ATM Withdrawal,-1905.73,-15521.61
8010-27075685-001,2024-01-13 09:43:36,Salary Deposit,Salary Deposit,4220.79,-11300.82
8010-27075685-001,2024-01-13 11:19:12,Salary Deposit,Salary Deposit,4415.89,-6884.93
8010-27075685-001,2024-01-13 12:23:02,Salary Deposit,Salary Deposit,4422.58,-2462.35
8010-27075685-001,2024-01-13 22:05:25,Bank Fee,Overdraft Fee,-31.47,-2493.82
8010-27075685-001,2024-01-14 00:23:58,Bank Fee,Transfer Fee,-16.46,-2510.28
8010-27075685-001,2024-01-14 03:09:21,Merchant Payment,Payment to Disney+ Hotstar,-116.68,-2626.96
8010-27075685-001,2024-01-14 09:36:17,Deposit,Payment for Travel Expense Reimbursement,653.64,-1973.32
8010-27075685-001,2024-01-14 21:41:43,House Rental,House Rental,-1500.0,-3473.32
8010-27075685-001,2024-01-15 16:26:28,Withdrawal,ATM Withdrawal,-694.85,-4168.17
8010-27075685-001,2024-01-15 20:58:50,Merchant Payment,Payment to Sushi King,-216.34,-4384.51
8010-27075685-001,2024-01-17 03:49:33,Withdrawal,ATM Withdrawal,-1129.71,-5514.22
8010-27075685-001,2024-01-17 04:35:43,Bank Fee,Transfer Fee,-45.42,-5559.64
8010-27075685-001,2024-01-17 16:19:33,Withdrawal,ATM Withdrawal,-78.51,-5638.15
8010-27075685-001,2024-01-17 18:04:10,House Rental,House Rental,-1500.0,-7138.15
8010-27075685-001,2024-01-18 12:38:00,House Rental,House Rental,-1500.0,-8638.15
8010-27075685-001,2024-01-19 04:16:03,Merchant Payment,Payment to GrabPay,-477.39,-9115.54
8010-27075685-001,2024-01-19 09:18:52,Salary Deposit,Salary Deposit,4473.0,-4642.54
8010-27075685-001,2024-01-19 16:07:37,Bank Fee,Monthly Maintenance,-11.56,-4654.1
8010-27075685-001,2024-01-21 17:51:16,Bank Fee,Overdraft Fee,-13.01,-4667.11
8010-27075685-001,2024-01-22 12:57:14,Salary Deposit,Salary Deposit,4108.83,-558.28
8010-27075685-001,2024-01-22 14:21:07,House Rental,House Rental,-1500.0,-2058.28
8010-27075685-001,2024-01-23 02:51:32,Bill Payment,Payment to Home Cleaning Service,-488.99,-2547.27
8010-27075685-001,2024-01-23 15:58:02,Bill Payment,Payment to After-School Program,-259.18,-2806.45
8010-27075685-001,2024-01-23 21:20:31,Withdrawal,ATM Withdrawal,-1998.12,-4804.57
8010-27075685-001,2024-01-24 04:58:20,Withdrawal,ATM Withdrawal,-945.67,-5750.24
8010-27075685-001,2024-01-24 06:24:28,Bill Payment,Payment to Home Equity Loan Provider,-180.01,-5930.25
8010-27075685-001,2024-01-24 17:00:52,Deposit,Payment for Personal Loan Disbursement,613.23,-5317.02
8010-27075685-001,2024-01-24 19:47:37,Withdrawal,ATM Withdrawal,-259.7,-5576.72
8010-27075685-001,2024-01-25 09:48:05,Bank Fee,Overdraft Fee,-48.57,-5625.29
8010-27075685-001,2024-01-25 10:44:25,Bank Fee,Overdraft Fee,-49.08,-5674.37
8010-27075685-001,2024-01-25 18:46:41,House Rental,House Rental,-1500.0,-7174.37
8010-27075685-001,2024-01-26 05:15:41,Bank Fee,Overdraft Fee,-10.74,-7185.11
8010-27075685-001,2024-01-26 16:45:22,Bank Fee,Overdraft Fee,-32.47,-7217.58
8010-27075685-001,2024-01-26 20:43:43,House Rental,House Rental,-1500.0,-8717.58
8010-27075685-001,2024-01-27 10:34:04,Withdrawal,ATM Withdrawal,-693.88,-9411.46
8010-27075685-001,2024-01-27 23:12:30,House Rental,House Rental,-1500.0,-10911.46
8010-27075685-001,2024-01-28 04:59:48,House Rental,House Rental,-1500.0,-12411.46
8010-27075685-001,2024-01-28 13:43:41,Merchant Payment,Payment to KFC Malaysia,-446.87,-12858.33
8010-27075685-001,2024-01-29 01:30:41,House Rental,House Rental,-1500.0,-14358.33
8010-27075685-001,2024-01-29 06:02:43,Bank Fee,Overdraft Fee,-37.33,-14395.66
8010-27075685-001,2024-01-29 23:24:11,Deposit,Payment for Stimulus Check,680.58,-13715.08
8010-27075685-001,2024-01-31 00:00:00,House Rental,Monthly House Rental Payment,-1500.0,-15215.08
8010-27075685-001,2024-01-31 00:00:00,Salary Deposit,Monthly Salary Deposit,4500.0,-10715.08
8010-27075685-001,2024-01-31 01:11:41,Bill Payment,Payment to Dentist’s Office,-889.67,-11604.75
8010-27075685-001,2024-01-31 06:57:36,Deposit,Payment for REIT Distributions,857.15,-10747.6
8010-27075685-001,2024-01-31 17:18:41,Salary Deposit,Salary Deposit,4049.93,-6697.67
8010-27075685-001,2024-02-01 04:47:46,Salary Deposit,Salary Deposit,4381.42,-2316.25
8010-27075685-001,2024-02-01 11:37:39,Salary Deposit,Salary Deposit,4218.33,1902.08
8010-27075685-001,2024-02-03 23:45:54,Deposit,Payment for Class Action Settlement,878.18,2780.26
8010-27075685-001,2024-02-04 00:01:53,House Rental,House Rental,-1500.0,1280.26
8010-27075685-001,2024-02-04 04:35:08,Bank Fee,Transfer Fee,-13.65,1266.61
8010-27075685-001,2024-02-06 17:01:41,Bank Fee,Overdraft Fee,-36.99,1229.62
8010-27075685-001,2024-02-06 21:16:39,Bill Payment,Payment to Specialist Clinic,-355.84,873.78
8010-27075685-001,2024-02-07 10:55:09,Merchant Payment,Payment to Bank Islam,-242.08,631.7
8010-27075685-001,2024-02-07 11:38:32,Deposit,Payment for Social Security Benefits,792.65,1424.35
8010-27075685-001,2024-02-07 18:53:51,House Rental,House Rental,-1500.0,-75.65
8010-27075685-001,2024-02-08 13:52:35,Merchant Payment,Payment to PrestoMall,-88.24,-163.89
8010-27075685-001,2024-02-08 19:32:14,Withdrawal,ATM Withdrawal,-1355.77,-1519.66
8010-27075685-001,2024-02-09 15:53:29,Withdrawal,ATM Withdrawal,-162.81,-1682.47
8010-27075685-001,2024-02-10 02:03:02,Deposit,Payment for Gold/Silver Sale,695.29,-987.18
8010-27075685-001,2024-02-10 07:53:39,Bill Payment,Payment to Wedding Planner,-172.36,-1159.54
8010-27075685-001,2024-02-10 12:22:40,Deposit,Payment for Interest Income,581.57,-577.97
8010-27075685-001,2024-02-10 12:40:19,Bank Fee,Transfer Fee,-47.49,-625.46
8010-27075685-001,2024-02-10 16:43:25,Merchant Payment,Payment to Yoga Lab,-186.76,-812.22
8010-27075685-001,2024-02-11 01:24:16,Deposit,Payment for Social Security Benefits,867.17,54.95
8010-27075685-001,2024-02-11 12:56:41,Salary Deposit,Salary Deposit,4290.37,4345.32
8010-27075685-001,2024-02-12 03:49:05,Withdrawal,ATM Withdrawal,-724.83,3620.49
8010-27075685-001,2024-02-12 22:03:04,Deposit,Payment for Unemployment Benefits,685.44,4305.93
8010-27075685-001,2024-02-13 05:37:29,Bank Fee,Overdraft Fee,-8.78,4297.15
8010-27075685-001,2024-02-13 16:50:20,Bank Fee,Overdraft Fee,-25.07,4272.08
8010-27075685-001,2024-02-13 21:48:09,Bank Fee,Transfer Fee,-39.35,4232.73
8010-27075685-001,2024-02-13 22:45:45,Withdrawal,ATM Withdrawal,-1109.4,3123.33
8010-27075685-001,2024-02-14 14:39:11,Salary Deposit,Salary Deposit,4106.0,7229.33
8010-27075685-001,2024-02-14 19:10:32,Bank Fee,Monthly Maintenance,-36.69,7192.64
8010-27075685-001,2024-02-15 06:05:06,Withdrawal,ATM Withdrawal,-1407.34,5785.3
8010-27075685-001,2024-02-15 14:04:12,Merchant Payment,Payment to Tesco Malaysia,-81.26,5704.04
8010-27075685-001,2024-02-16 00:31:56,Bill Payment,Payment to Pharmacy,-882.47,4821.57
8010-27075685-001,2024-02-16 12:12:05,Deposit,Payment for Property Sale Proceeds,852.74,5674.31
8010-27075685-001,2024-02-16 13:04:17,Bill Payment,Payment to Trash Collection Service,-214.78,5459.53
8010-27075685-001,2024-02-16 14:41:00,Merchant Payment,Payment to All IT Hypermarket,-74.43,5385.1
8010-27075685-001,2024-02-16 22:28:27,Merchant Payment,Payment to Tesco Malaysia,-454.36,4930.74
8010-27075685-001,2024-02-17 18:41:48,House Rental,House Rental,-1500.0,3430.74
8010-27075685-001,2024-02-17 20:53:59,Bill Payment,Payment to Doctor’s Office,-834.42,2596.32
8010-27075685-001,2024-02-18 14:32:29,Merchant Payment,Payment to Boost,-151.76,2444.56
8010-27075685-001,2024-02-18 19:20:02,Merchant Payment,Payment to Public Bank,-46.5,2398.06
8010-27075685-001,2024-02-18 22:44:13,Deposit,Payment for Business Revenue,879.48,3277.54
8010-27075685-001,2024-02-19 01:57:50,Bill Payment,Payment to Religious Organization,-241.8,3035.74
8010-27075685-001,2024-02-19 11:44:53,Merchant Payment,Payment to PrestoMall,-365.22,2670.52
8010-27075685-001,2024-02-19 14:08:48,Deposit,Payment for Interest Income,585.74,3256.26
8010-27075685-001,2024-02-20 16:45:48,Merchant Payment,Payment to Fitness First Malaysia,-457.08,2799.18
8010-27075685-001,2024-02-21 05:32:12,Bill Payment,Payment to Gaming Subscription,-708.06,2091.12
8010-27075685-001,2024-02-21 19:42:30,Merchant Payment,Payment to Tealive,-210.73,1880.39
8010-27075685-001,2024-02-22 19:52:52,Bank Fee,Monthly Maintenance,-43.07,1837.32
8010-27075685-001,2024-02-22 22:23:41,House Rental,House Rental,-1500.0,337.32
8010-27075685-001,2024-02-22 23:16:00,Salary Deposit,Salary Deposit,4262.02,4599.34
8010-27075685-001,2024-02-23 12:24:18,Salary Deposit,Salary Deposit,4059.66,8659.0
8010-27075685-001,2024-02-23 20:25:11,Salary Deposit,Salary Deposit,4467.54,13126.54
8010-27075685-001,2024-02-24 00:13:56,Salary Deposit,Salary Deposit,4312.72,17439.26
8010-27075685-001,2024-02-24 02:20:47,Withdrawal,ATM Withdrawal,-204.66,17234.6
8010-27075685-001,2024-02-24 14:06:47,Salary Deposit,Salary Deposit,4419.37,21653.97
8010-27075685-001,2024-02-24 20:25:00,Bank Fee,Transfer Fee,-30.68,21623.29
8010-27075685-001,2024-02-25 11:44:06,Deposit,Payment for Travel Expense Reimbursement,913.23,22536.52
8010-27075685-001,2024-02-26 05:58:18,Merchant Payment,Payment to All IT Hypermarket,-352.72,22183.8
8010-27075685-001,2024-02-26 08:52:59,House Rental,House Rental,-1500.0,20683.8
8010-27075685-001,2024-02-26 11:12:30,Withdrawal,ATM Withdrawal,-1119.87,19563.93
8010-27075685-001,2024-02-26 18:51:38,Merchant Payment,Payment to Youbeli,-126.11,19437.82
8010-27075685-001,2024-02-26 19:48:38,Bank Fee,Overdraft Fee,-18.21,19419.61
8010-27075685-001,2024-02-26 22:17:13,Salary Deposit,Salary Deposit,4056.78,23476.39
8010-27075685-001,2024-02-27 06:46:52,Bill Payment,Payment to Student Loan Provider,-784.77,22691.62
8010-27075685-001,2024-02-28 02:22:21,Withdrawal,ATM Withdrawal,-1743.31,20948.31
8010-27075685-001,2024-02-28 13:43:30,House Rental,House Rental,-1500.0,19448.31
8010-27075685-001,2024-02-28 19:32:49,Bill Payment,Payment to Student Loan Provider,-816.47,18631.84
8010-27075685-001,2024-02-28 21:11:24,Bank Fee,Overdraft Fee,-20.44,18611.4
8010-27075685-001,2024-03-01 00:00:00,Salary Deposit,Monthly Salary Deposit,4500.0,23111.4
8010-27075685-001,2024-03-01 00:00:00,House Rental,Monthly House Rental Payment,-1500.0,21611.4
8010-27075685-001,2024-03-01 15:40:49,Bill Payment,Payment to Flood Insurance Co.,-528.51,21082.89
8010-27075685-001,2024-03-02 05:50:09,Bill Payment,Payment to Online Learning Platform,-219.55,20863.34
8010-27075685-001,2024-03-02 06:08:33,Withdrawal,ATM Withdrawal,-1064.92,19798.42
8010-27075685-001,2024-03-02 20:50:59,Merchant Payment,Payment to KPJ Healthcare,-148.67,19649.75
8010-27075685-001,2024-03-03 05:38:45,Merchant Payment,Payment to Giant Malaysia,-407.65,19242.1
8010-27075685-001,2024-03-04 05:05:54,Deposit,Payment for Mobile Wallet Transfer,505.25,19747.35
8010-27075685-001,2024-03-04 16:05:48,Withdrawal,ATM Withdrawal,-202.1,19545.25
8010-27075685-001,2024-03-05 01:21:55,Bank Fee,Monthly Maintenance,-38.24,19507.01
8010-27075685-001,2024-03-05 10:04:02,Bank Fee,Transfer Fee,-49.84,19457.17
8010-27075685-001,2024-03-06 14:34:28,Withdrawal,ATM Withdrawal,-1780.39,17676.78
8010-27075685-001,2024-03-06 17:06:33,Bill Payment,Payment to Renewable Energy Provider,-960.14,16716.64
8010-27075685-001,2024-03-06 17:38:55,Deposit,Payment for Stock Dividends,931.15,17647.79
8010-27075685-001,2024-03-06 19:01:27,Bill Payment,Payment to Mobile Phone Provider,-520.85,17126.94
8010-27075685-001,2024-03-06 22:10:51,Withdrawal,ATM Withdrawal,-1408.23,15718.71
8010-27075685-001,2024-03-07 21:38:09,Withdrawal,ATM Withdrawal,-69.9,15648.81
8010-27075685-001,2024-03-08 06:46:49,Bank Fee,Transfer Fee,-40.17,15608.64
8010-27075685-001,2024-03-08 16:55:45,Bill Payment,Payment to Magazine Subscription,-128.57,15480.07
8010-27075685-001,2024-03-08 23:34:50,Bill Payment,Payment to Business Loan Provider,-615.51,14864.56
8010-27075685-001,2024-03-09 03:17:39,Salary Deposit,Salary Deposit,4474.77,19339.33
8010-27075685-001,2024-03-09 05:22:50,Deposit,Payment for Invoice Payment,909.21,20248.54
8010-27075685-001,2024-03-09 11:01:00,Bill Payment,Payment to Religious Organization,-570.35,19678.19
8010-27075685-001,2024-03-09 14:51:16,Bank Fee,Transfer Fee,-38.26,19639.93
8010-27075685-001,2024-03-09 15:16:55,House Rental,House Rental,-1500.0,18139.93
8010-27075685-001,2024-03-09 19:29:53,House Rental,House Rental,-1500.0,16639.93
8010-27075685-001,2024-03-10 04:01:22,Deposit,Payment for Electronics Sale Proceeds,757.58,17397.51
8010-27075685-001,2024-03-10 05:25:00,House Rental,House Rental,-1500.0,15897.51
8010-27075685-001,2024-03-10 22:47:28,Bill Payment,Payment to Newspaper Subscription,-708.57,15188.94
8010-27075685-001,2024-03-11 03:58:24,House Rental,House Rental,-1500.0,13688.94
8010-27075685-001,2024-03-11 14:16:24,Bank Fee,Monthly Maintenance,-24.14,13664.8
8010-27075685-001,2024-03-12 15:20:07,Salary Deposit,Salary Deposit,4385.14,18049.94
8010-27075685-001,2024-03-13 04:18:44,Deposit,Payment for Peer-to-Peer Loan,781.1,18831.04
8010-27075685-001,2024-03-13 13:51:27,Deposit,Payment for Furniture Sale Proceeds,685.66,19516.7
8010-27075685-001,2024-03-13 16:02:32,Bank Fee,Overdraft Fee,-18.49,19498.21
8010-27075685-001,2024-03-14 08:41:12,Bill Payment,Payment to Student Loan Provider,-124.24,19373.97
8010-27075685-001,2024-03-14 09:56:50,Deposit,Payment for Real Estate Sale Proceeds,737.54,20111.51
8010-27075685-001,2024-03-14 19:31:57,Deposit,Payment for Antique Sale Proceeds,610.85,20722.36
8010-27075685-001,2024-03-15 03:56:12,House Rental,House Rental,-1500.0,19222.36
8010-27075685-001,2024-03-16 02:32:57,Bank Fee,Monthly Maintenance,-43.94,19178.42
8010-27075685-001,2024-03-16 18:11:27,Bill Payment,Payment to Wedding Planner,-126.52,19051.9
8010-27075685-001,2024-03-17 02:54:46,House Rental,House Rental,-1500.0,17551.9
8010-27075685-001,2024-03-17 08:30:40,Bill Payment,Payment to Charity Donation,-237.33,17314.57
8010-27075685-001,2024-03-18 01:26:01,Merchant Payment,Payment to RHB Bank,-443.21,16871.36
8010-27075685-001,2024-03-18 15:06:54,Withdrawal,ATM Withdrawal,-1764.4,15106.96
8010-27075685-001,2024-03-18 16:37:48,Withdrawal,ATM Withdrawal,-634.61,14472.35
8010-27075685-001,2024-03-18 16:57:01,Bill Payment,Payment to Water Utility,-852.07,13620.28
8010-27075685-001,2024-03-19 20:05:16,House Rental,House Rental,-1500.0,12120.28
8010-27075685-001,2024-03-19 21:20:51,Merchant Payment,Payment to Isetan Malaysia,-58.91,12061.37
8010-27075685-001,2024-03-20 01:05:02,Bill Payment,Payment to Vehicle Registration Fee,-52.3,12009.07
8010-27075685-001,2024-03-20 02:24:40,Deposit,Payment for Artwork Sale Proceeds,740.34,12749.41
8010-27075685-001,2024-03-20 08:59:16,Bank Fee,Transfer Fee,-34.28,12715.13
8010-27075685-001,2024-03-20 16:02:23,Bank Fee,Overdraft Fee,-19.99,12695.14
8010-27075685-001,2024-03-20 23:19:37,Bank Fee,Monthly Maintenance,-48.23,12646.91
8010-27075685-001,2024-03-21 00:48:18,Withdrawal,ATM Withdrawal,-147.08,12499.83
8010-27075685-001,2024-03-21 11:53:08,Merchant Payment,Payment to Health Lane Family Pharmacy,-194.24,12305.59
8010-27075685-001,2024-03-23 02:20:41,Bank Fee,Transfer Fee,-48.31,12257.28
8010-27075685-001,2024-03-24 01:49:06,Bank Fee,Transfer Fee,-36.96,12220.32
8010-27075685-001,2024-03-24 03:03:58,Bill Payment,Payment to Music Streaming Service,-705.19,11515.13
8010-27075685-001,2024-03-24 05:52:39,Withdrawal,ATM Withdrawal,-411.66,11103.47
8010-27075685-001,2024-03-24 12:38:34,Withdrawal,ATM Withdrawal,-1280.33,9823.14
8010-27075685-001,2024-03-24 13:35:01,Bill Payment,Payment to Student Activity Fee,-660.2,9162.94
8010-27075685-001,2024-03-24 21:53:43,Bank Fee,Transfer Fee,-40.75,9122.19
8010-27075685-001,2024-03-24 23:46:32,Withdrawal,ATM Withdrawal,-1570.69,7551.5
8010-27075685-001,2024-03-25 04:03:42,Merchant Payment,Payment to Hermo,-376.4,7175.1
8010-27075685-001,2024-03-25 23:29:05,Deposit,Payment for Sales Proceeds,840.55,8015.65
8010-27075685-001,2024-03-26 01:41:47,Salary Deposit,Salary Deposit,4153.71,12169.36
8010-27075685-001,2024-03-26 08:31:36,Merchant Payment,Payment to Marrybrown,-425.55,11743.81
8010-27075685-001,2024-03-26 12:59:44,Bank Fee,Monthly Maintenance,-14.4,11729.41
8010-27075685-001,2024-03-26 20:03:58,Bill Payment,Payment to Landlord,-492.73,11236.68
8010-27075685-001,2024-03-26 22:12:39,Deposit,Payment for Antique Sale Proceeds,670.53,11907.21
8010-27075685-001,2024-03-26 23:32:54,Bank Fee,Monthly Maintenance,-47.15,11860.06
8010-27075685-001,2024-03-26 23:40:25,House Rental,House Rental,-1500.0,10360.06
8010-27075685-001,2024-03-28 03:48:37,Bill Payment,Payment to Electric Company,-257.43,10102.63
8010-27075685-001,2024-03-28 09:21:52,Deposit,Payment for Check Deposit,786.11,10888.74
8010-27075685-001,2024-03-29 09:23:15,Bank Fee,Monthly Maintenance,-32.6,10856.14
8010-27075685-001,2024-03-29 16:36:52,Bank Fee,Monthly Maintenance,-6.15,10849.99
8010-27075685-001,2024-03-30 00:17:44,Bank Fee,Transfer Fee,-32.19,10817.8
8010-27075685-001,2024-03-30 01:54:22,Merchant Payment,Payment to YouTube Premium,-51.71,10766.09
8010-27075685-001,2024-03-31 00:00:00,House Rental,Monthly House Rental Payment,-1500.0,9266.09
8010-27075685-001,2024-03-31 00:00:00,Salary Deposit,Monthly Salary Deposit,4500.0,13766.09
8010-27075685-001,2024-03-31 12:52:04,Bill Payment,Payment to Car Insurance Co.,-732.03,13034.06
8010-27075685-001,2024-03-31 19:20:00,Withdrawal,ATM Withdrawal,-1672.21,11361.85
8010-27075685-001,2024-04-01 00:38:23,Merchant Payment,Payment to Chatime Malaysia,-343.77,11018.08
8010-27075685-001,2024-04-01 01:08:40,House Rental,House Rental,-1500.0,9518.08
8010-27075685-001,2024-04-01 08:15:30,House Rental,House Rental,-1500.0,8018.08
8010-27075685-001,2024-04-01 22:23:10,Withdrawal,ATM Withdrawal,-245.9,7772.18
8010-27075685-001,2024-04-01 23:50:17,Bill Payment,Payment to Professional Association Fee,-873.35,6898.83
8010-27075685-001,2024-04-02 06:33:56,Bill Payment,Payment to VPN Provider,-599.29,6299.54
8010-27075685-001,2024-04-03 12:14:06,House Rental,House Rental,-1500.0,4799.54
8010-27075685-001,2024-04-05 00:00:58,Merchant Payment,Payment to Booking.com,-279.62,4519.92
8010-27075685-001,2024-04-06 10:10:23,House Rental,House Rental,-1500.0,3019.92
8010-27075685-001,2024-04-07 01:56:29,Merchant Payment,Payment to Firefly,-399.24,2620.68
8010-27075685-001,2024-04-07 08:39:19,Bank Fee,Overdraft Fee,-17.61,2603.07
8010-27075685-001,2024-04-07 09:17:35,Bank Fee,Transfer Fee,-14.71,2588.36
8010-27075685-001,2024-04-07 23:19:56,Bank Fee,Overdraft Fee,-20.39,2567.97
8010-27075685-001,2024-04-08 01:51:20,Withdrawal,ATM Withdrawal,-776.38,1791.59
8010-27075685-001,2024-04-08 01:53:24,Salary Deposit,Salary Deposit,4190.19,5981.78
8010-27075685-001,2024-04-08 23:38:44,Merchant Payment,Payment to Hermo,-120.63,5861.15
8010-27075685-001,2024-04-09 07:40:00,Bank Fee,Monthly Maintenance,-25.41,5835.74
8010-27075685-001,2024-04-10 13:12:35,Merchant Payment,Payment to Yoga Lab,-391.74,5444.0
8010-27075685-001,2024-04-10 17:19:27,Merchant Payment,Payment to MyCar,-413.05,5030.95
8010-27075685-001,2024-04-11 04:38:39,House Rental,House Rental,-1500.0,3530.95
8010-27075685-001,2024-04-11 04:46:04,Bank Fee,Monthly Maintenance,-6.37,3524.58
8010-27075685-001,2024-04-12 00:11:38,House Rental,House Rental,-1500.0,2024.58
8010-27075685-001,2024-04-12 06:19:19,Merchant Payment,Payment to Fitness First Malaysia,-183.87,1840.71
8010-27075685-001,2024-04-12 11:21:04,Bill Payment,Payment to Gym Membership,-655.75,1184.96
8010-27075685-001,2024-04-13 05:12:44,Merchant Payment,Payment to Sunway Medical Centre,-78.66,1106.3
8010-27075685-001,2024-04-13 19:13:01,Salary Deposit,Salary Deposit,4033.81,5140.11
8010-27075685-001,2024-04-15 08:19:02,House Rental,House Rental,-1500.0,3640.11
8010-27075685-001,2024-04-15 16:37:21,Merchant Payment,Payment to GrabFood,-234.4,3405.71
8010-27075685-001,2024-04-16 10:00:16,Bill Payment,Payment to Storage Unit Rental,-786.07,2619.64
8010-27075685-001,2024-04-17 06:37:05,Merchant Payment,Payment to Aeon,-24.46,2595.18
8010-27075685-001,2024-04-17 07:52:14,Withdrawal,ATM Withdrawal,-630.74,1964.44
8010-27075685-001,2024-04-17 10:44:52,Deposit,Payment for Franchise Income,999.64,2964.08
8010-27075685-001,2024-04-17 11:12:37,Withdrawal,ATM Withdrawal,-300.73,2663.35
8010-27075685-001,2024-04-17 23:54:06,Bank Fee,Overdraft Fee,-15.38,2647.97
8010-27075685-001,2024-04-18 05:08:35,Deposit,Payment for Emergency Loan,856.51,3504.48
8010-27075685-001,2024-04-19 05:30:33,Bank Fee,Overdraft Fee,-40.84,3463.64
8010-27075685-001,2024-04-19 12:23:58,Bill Payment,Payment to College Application Fee,-581.16,2882.48
8010-27075685-001,2024-04-19 12:41:54,Withdrawal,ATM Withdrawal,-613.93,2268.55
8010-27075685-001,2024-04-19 16:59:33,Merchant Payment,Payment to Apple Malaysia,-251.3,2017.25
8010-27075685-001,2024-04-20 02:51:15,Deposit,Payment for Alimony Payment,719.17,2736.42
8010-27075685-001,2024-04-20 03:03:26,Bank Fee,Transfer Fee,-49.61,2686.81
8010-27075685-001,2024-04-20 17:40:44,House Rental,House Rental,-1500.0,1186.81
8010-27075685-001,2024-04-21 12:22:32,Merchant Payment,Payment to Columbia Asia Hospital,-354.35,832.46
8010-27075685-001,2024-04-21 13:47:25,House Rental,House Rental,-1500.0,-667.54
8010-27075685-001,2024-04-22 11:25:06,Bill Payment,Payment to Wedding Planner,-583.34,-1250.88
8010-27075685-001,2024-04-23 14:29:42,Withdrawal,ATM Withdrawal,-1516.32,-2767.2
8010-27075685-001,2024-04-24 02:10:19,House Rental,House Rental,-1500.0,-4267.2
8010-27075685-001,2024-04-24 22:26:45,Bill Payment,Payment to Pet Grooming Service,-427.78,-4694.98
8010-27075685-001,2024-04-25 11:17:40,Salary Deposit,Salary Deposit,4053.59,-641.39
8010-27075685-001,2024-04-25 11:30:29,Bank Fee,Overdraft Fee,-32.38,-673.77
8010-27075685-001,2024-04-25 20:30:55,Merchant Payment,Payment to Sushi King,-193.73,-867.5
8010-27075685-001,2024-04-26 00:01:57,Deposit,Payment for Business Loan Disbursement,787.59,-79.91
8010-27075685-001,2024-04-26 08:00:00,Bank Fee,Monthly Maintenance,-42.68,-122.59
8010-27075685-001,2024-04-26 09:39:15,Withdrawal,ATM Withdrawal,-290.78,-413.37
8010-27075685-001,2024-04-26 10:46:37,Merchant Payment,Payment to Astro GO,-156.52,-569.89
8010-27075685-001,2024-04-26 22:28:16,House Rental,House Rental,-1500.0,-2069.89
8010-27075685-001,2024-04-27 23:14:52,Bill Payment,Payment to Debt Consolidation Service,-549.21,-2619.1
8010-27075685-001,2024-04-28 16:37:57,Bill Payment,Payment to Dental Insurance Co.,-685.48,-3304.58
8010-27075685-001,2024-04-29 10:12:27,House Rental,House Rental,-1500.0,-4804.58
8010-27075685-001,2024-04-29 23:57:13,Deposit,Payment for Jewelry Sale Proceeds,827.68,-3976.9
8010-27075685-001,2024-04-30 00:00:00,House Rental,Monthly House Rental Payment,-1500.0,-5476.9
8010-27075685-001,2024-04-30 00:00:00,Salary Deposit,Monthly Salary Deposit,4500.0,-976.9
8010-27075685-001,2024-04-30 00:36:57,Bank Fee,Overdraft Fee,-13.87,-990.77
8010-27075685-001,2024-04-30 03:14:13,House Rental,House Rental,-1500.0,-2490.77
8010-27075685-001,2024-04-30 06:22:10,House Rental,House Rental,-1500.0,-3990.77
8010-27075685-001,2024-04-30 14:41:16,Salary Deposit,Salary Deposit,4169.21,178.44
8010-27075685-001,2024-04-30 14:52:59,Salary Deposit,Salary Deposit,4161.87,4340.31
8010-27075685-001,2024-04-30 20:22:38,Withdrawal,ATM Withdrawal,-1252.25,3088.06
8010-27075685-001,2024-04-30 20:25:03,Withdrawal,ATM Withdrawal,-1923.24,1164.82
8010-27075685-001,2024-05-01 08:10:22,Bill Payment,Payment to Internet Provider,-887.07,277.75
8010-27075685-001,2024-05-01 16:34:54,Bill Payment,Payment to Pharmacy,-249.26,28.49
8010-27075685-001,2024-05-01 20:13:31,Merchant Payment,Payment to Spotify,-291.0,-262.51
8010-27075685-001,2024-05-02 04:05:48,Salary Deposit,Salary Deposit,4179.92,3917.41
8010-27075685-001,2024-05-02 12:05:59,Merchant Payment,Payment to Bank Islam,-165.16,3752.25
8010-27075685-001,2024-05-02 17:09:47,Bank Fee,Overdraft Fee,-24.37,3727.88
8010-27075685-001,2024-05-02 18:42:45,Withdrawal,ATM Withdrawal,-1553.77,2174.11
8010-27075685-001,2024-05-02 23:34:06,Merchant Payment,Payment to Caring Pharmacy,-32.09,2142.02
8010-27075685-001,2024-05-03 02:17:54,Merchant Payment,Payment to Celebrity Fitness,-96.87,2045.15
8010-27075685-001,2024-05-03 15:22:56,Deposit,Payment for Insurance Claim Payout,980.95,3026.1
8010-27075685-001,2024-05-04 10:20:25,House Rental,House Rental,-1500.0,1526.1
8010-27075685-001,2024-05-04 18:11:42,Deposit,Payment for Car Loan Disbursement,827.66,2353.76
8010-27075685-001,2024-05-04 18:59:52,Withdrawal,ATM Withdrawal,-1989.22,364.54
8010-27075685-001,2024-05-04 23:12:35,Salary Deposit,Salary Deposit,4417.16,4781.7
8010-27075685-001,2024-05-05 01:36:17,Bill Payment,Payment to Hospital Bill,-914.69,3867.01
8010-27075685-001,2024-05-05 06:14:14,Deposit,Payment for Business Revenue,846.6,4713.61
8010-27075685-001,2024-05-05 10:01:45,House Rental,House Rental,-1500.0,3213.61
8010-27075685-001,2024-05-07 05:23:23,Salary Deposit,Salary Deposit,4069.42,7283.03
8010-27075685-001,2024-05-07 07:26:48,Salary Deposit,Salary Deposit,4280.06,11563.09
8010-27075685-001,2024-05-07 08:14:30,Merchant Payment,Payment to Youbeli,-264.06,11299.03
8010-27075685-001,2024-05-07 12:40:19,Deposit,Payment for Peer-to-Peer Loan,797.61,12096.64
8010-27075685-001,2024-05-07 19:06:58,Bank Fee,Monthly Maintenance,-40.6,12056.04
8010-27075685-001,2024-05-08 10:26:09,Bill Payment,Payment to Home Insurance Co.,-403.68,11652.36
8010-27075685-001,2024-05-09 00:08:07,Withdrawal,ATM Withdrawal,-567.87,11084.49
8010-27075685-001,2024-05-09 07:07:44,House Rental,House Rental,-1500.0,9584.49
8010-27075685-001,2024-05-09 10:58:46,Deposit,Payment for Collectible Sale Proceeds,543.86,10128.35
8010-27075685-001,2024-05-09 13:56:19,Salary Deposit,Salary Deposit,4188.53,14316.88
8010-27075685-001,2024-05-09 16:03:28,Withdrawal,ATM Withdrawal,-1561.97,12754.91
8010-27075685-001,2024-05-10 11:43:47,Deposit,Payment for Mobile Wallet Transfer,854.34,13609.25
8010-27075685-001,2024-05-11 00:41:41,Withdrawal,ATM Withdrawal,-1122.8,12486.45
8010-27075685-001,2024-05-11 16:49:18,Merchant Payment,Payment to Expedia Malaysia,-459.17,12027.28
8010-27075685-001,2024-05-11 23:53:55,House Rental,House Rental,-1500.0,10527.28
8010-27075685-001,2024-05-12 00:07:40,Merchant Payment,Payment to Apple Malaysia,-449.55,10077.73
8010-27075685-001,2024-05-12 01:40:08,Salary Deposit,Salary Deposit,4236.79,14314.52
8010-27075685-001,2024-05-12 09:13:38,House Rental,House Rental,-1500.0,12814.52
8010-27075685-001,2024-05-12 20:46:59,Withdrawal,ATM Withdrawal,-937.93,11876.59
8010-27075685-001,2024-05-13 01:43:50,Salary Deposit,Salary Deposit,4395.28,16271.87
8010-27075685-001,2024-05-13 04:22:05,House Rental,House Rental,-1500.0,14771.87
8010-27075685-001,2024-05-13 07:08:01,Bill Payment,Payment to Renewable Energy Provider,-104.6,14667.27
8010-27075685-001,2024-05-13 08:01:54,Salary Deposit,Salary Deposit,4073.82,18741.09
8010-27075685-001,2024-05-14 21:27:38,Withdrawal,ATM Withdrawal,-1885.72,16855.37
8010-27075685-001,2024-05-16 21:02:57,Deposit,Payment for Dividend Income,979.42,17834.79
8010-27075685-001,2024-05-17 02:51:02,Salary Deposit,Salary Deposit,4446.79,22281.58
8010-27075685-001,2024-05-17 05:03:06,Bill Payment,Payment to Government Tax Payment,-761.53,21520.05
8010-27075685-001,2024-05-17 07:37:05,Bill Payment,Payment to Travel Insurance Co.,-239.04,21281.01
8010-27075685-001,2024-05-17 09:54:41,Withdrawal,ATM Withdrawal,-1214.04,20066.97
8010-27075685-001,2024-05-17 13:46:25,Withdrawal,ATM Withdrawal,-1843.13,18223.84
8010-27075685-001,2024-05-17 23:49:46,Salary Deposit,Salary Deposit,4244.45,22468.29
8010-27075685-001,2024-05-18 05:12:06,Bank Fee,Overdraft Fee,-49.19,22419.1
8010-27075685-001,2024-05-18 14:41:55,Merchant Payment,Payment to Columbia Asia Hospital,-420.27,21998.83
8010-27075685-001,2024-05-18 22:12:26,Bank Fee,Monthly Maintenance,-38.94,21959.89
8010-27075685-001,2024-05-20 21:10:49,Merchant Payment,Payment to Astro GO,-123.63,21836.26
8010-27075685-001,2024-05-20 23:19:36,Salary Deposit,Salary Deposit,4471.01,26307.27
8010-27075685-001,2024-05-21 05:22:36,Bill Payment,Payment to Cable TV Provider,-527.37,25779.9
8010-27075685-001,2024-05-21 05:33:05,Withdrawal,ATM Withdrawal,-1749.98,24029.92
8010-27075685-001,2024-05-21 07:09:45,Withdrawal,ATM Withdrawal,-1546.27,22483.65
8010-27075685-001,2024-05-21 20:43:11,Withdrawal,ATM Withdrawal,-238.82,22244.83
8010-27075685-001,2024-05-23 05:02:06,Withdrawal,ATM Withdrawal,-175.61,22069.22
8010-27075685-001,2024-05-24 07:23:06,Merchant Payment,Payment to Marrybrown,-402.36,21666.86
8010-27075685-001,2024-05-24 10:27:51,Bank Fee,Overdraft Fee,-30.77,21636.09
8010-27075685-001,2024-05-24 15:30:40,Withdrawal,ATM Withdrawal,-1081.9,20554.19
8010-27075685-001,2024-05-25 00:45:25,Bank Fee,Monthly Maintenance,-28.46,20525.73
8010-27075685-001,2024-05-25 09:24:06,Deposit,Payment for Electronics Sale Proceeds,762.53,21288.26
8010-27075685-001,2024-05-26 00:14:50,Merchant Payment,Payment to Klook Malaysia,-317.55,20970.71
8010-27075685-001,2024-05-26 06:16:56,House Rental,House Rental,-1500.0,19470.71
8010-27075685-001,2024-05-27 19:09:54,Deposit,Payment for Personal Loan Disbursement,674.21,20144.92
8010-27075685-001,2024-05-27 23:05:11,House Rental,House Rental,-1500.0,18644.92
8010-27075685-001,2024-05-29 07:43:26,Withdrawal,ATM Withdrawal,-979.76,17665.16
8010-27075685-001,2024-05-29 10:01:38,Withdrawal,ATM Withdrawal,-1052.64,16612.52
8010-27075685-001,2024-05-29 15:29:49,Withdrawal,ATM Withdrawal,-1671.82,14940.7
8010-27075685-001,2024-05-30 00:00:00,House Rental,Monthly House Rental Payment,-1500.0,13440.7
8010-27075685-001,2024-05-30 00:00:00,Salary Deposit,Monthly Salary Deposit,4500.0,17940.7
8010-27075685-001,2024-05-30 08:24:27,Salary Deposit,Salary Deposit,4203.08,22143.78
8010-27075685-001,2024-05-30 09:18:13,Merchant Payment,Payment to Booking.com,-493.86,21649.92
8010-27075685-001,2024-05-30 15:42:51,House Rental,House Rental,-1500.0,20149.92
8010-27075685-001,2024-05-30 20:42:48,Bank Fee,Overdraft Fee,-9.39,20140.53
8010-27075685-001,2024-05-30 22:48:31,Withdrawal,ATM Withdrawal,-472.35,19668.18
8010-27075685-001,2024-05-31 11:35:59,Bill Payment,Payment to VPN Provider,-517.94,19150.24
8010-27075685-001,2024-05-31 13:21:38,Bank Fee,Overdraft Fee,-15.85,19134.39
8010-27075685-001,2024-05-31 18:47:14,House Rental,House Rental,-1500.0,17634.39
8010-27075685-001,2024-06-01 01:46:26,Salary Deposit,Salary Deposit,4199.49,21833.88
8010-27075685-001,2024-06-01 15:28:50,House Rental,House Rental,-1500.0,20333.88
8010-27075685-001,2024-06-01 16:00:17,House Rental,House Rental,-1500.0,18833.88
8010-27075685-001,2024-06-01 20:49:21,Bank Fee,Monthly Maintenance,-7.12,18826.76
8010-27075685-001,2024-06-02 15:38:06,Deposit,Payment for Home Equity Loan Disbursement,627.55,19454.31
8010-27075685-001,2024-06-02 19:22:28,Withdrawal,ATM Withdrawal,-1109.2,18345.11
8010-27075685-001,2024-06-03 15:32:34,Bill Payment,Payment to Water Utility,-108.98,18236.13
8010-27075685-001,2024-06-04 04:49:09,Withdrawal,ATM Withdrawal,-1243.87,16992.26
8010-27075685-001,2024-06-04 17:52:40,Withdrawal,ATM Withdrawal,-48.7,16943.56
8010-27075685-001,2024-06-05 23:40:14,House Rental,House Rental,-1500.0,15443.56
8010-27075685-001,2024-06-05 23:57:21,Bank Fee,Transfer Fee,-17.0,15426.56
8010-27075685-001,2024-06-06 19:48:35,Bank Fee,Transfer Fee,-32.93,15393.63
8010-27075685-001,2024-06-07 16:53:23,Bill Payment,Payment to Water Utility,-267.85,15125.78
8010-27075685-001,2024-06-07 16:56:05,Merchant Payment,Payment to PrestoMall,-312.29,14813.49
8010-27075685-001,2024-06-07 17:08:55,Bank Fee,Transfer Fee,-34.8,14778.69
8010-27075685-001,2024-06-08 07:27:54,Bank Fee,Overdraft Fee,-25.36,14753.33
8010-27075685-001,2024-06-08 09:43:09,Withdrawal,ATM Withdrawal,-1146.8,13606.53
8010-27075685-001,2024-06-09 19:32:51,House Rental,House Rental,-1500.0,12106.53
8010-27075685-001,2024-06-10 13:14:53,Bank Fee,Overdraft Fee,-37.63,12068.9
8010-27075685-001,2024-06-10 16:06:57,Bill Payment,Payment to Newspaper Subscription,-250.15,11818.75
8010-27075685-001,2024-06-10 16:49:30,Bill Payment,Payment to Accounting Service,-935.26,10883.49
8010-27075685-001,2024-06-11 12:53:38,Bill Payment,Payment to Home Cleaning Service,-150.96,10732.53
8010-27075685-001,2024-06-12 09:29:46,House Rental,House Rental,-1500.0,9232.53
8010-27075685-001,2024-06-12 10:23:37,Deposit,Payment for Social Security Benefits,665.14,9897.67
8010-27075685-001,2024-06-13 08:58:57,Withdrawal,ATM Withdrawal,-80.47,9817.2
8010-27075685-001,2024-06-14 23:41:00,Withdrawal,ATM Withdrawal,-796.32,9020.88
8010-27075685-001,2024-06-15 05:10:15,Deposit,Payment for Education Grant,607.09,9627.97
8010-27075685-001,2024-06-15 14:37:09,Salary Deposit,Salary Deposit,4132.55,13760.52
8010-27075685-001,2024-06-15 19:34:02,House Rental,House Rental,-1500.0,12260.52
8010-27075685-001,2024-06-16 02:10:35,Bill Payment,Payment to Internet Provider,-560.05,11700.47
8010-27075685-001,2024-06-16 03:53:42,House Rental,House Rental,-1500.0,10200.47
8010-27075685-001,2024-06-16 19:02:18,Bill Payment,Payment to Domain Hosting Service,-65.76,10134.71
8010-27075685-001,2024-06-17 01:41:43,Salary Deposit,Salary Deposit,4065.34,14200.05
8010-27075685-001,2024-06-17 17:27:52,Merchant Payment,Payment to Columbia Asia Hospital,-412.01,13788.04
8010-27075685-001,2024-06-18 00:24:18,Withdrawal,ATM Withdrawal,-1893.82,11894.22
8010-27075685-001,2024-06-18 07:43:26,Bill Payment,Payment to Electric Company,-252.42,11641.8
8010-27075685-001,2024-06-18 21:55:31,Salary Deposit,Salary Deposit,4025.76,15667.56
8010-27075685-001,2024-06-19 06:38:09,Merchant Payment,Payment to Starbucks Malaysia,-468.66,15198.9
8010-27075685-001,2024-06-19 21:24:21,Salary Deposit,Salary Deposit,4474.74,19673.64
8010-27075685-001,2024-06-19 23:34:04,Withdrawal,ATM Withdrawal,-1428.83,18244.81
8010-27075685-001,2024-06-20 11:13:53,Salary Deposit,Salary Deposit,4222.08,22466.89
8010-27075685-001,2024-06-20 19:18:40,Merchant Payment,Payment to Health Lane Family Pharmacy,-16.14,22450.75
8010-27075685-001,2024-06-20 23:12:46,Bill Payment,Payment to Heating Oil Delivery,-209.06,22241.69
8010-27075685-001,2024-06-21 03:51:05,Salary Deposit,Salary Deposit,4302.07,26543.76
8010-27075685-001,2024-06-21 09:11:46,Withdrawal,ATM Withdrawal,-1112.5,25431.26
8010-27075685-001,2024-06-21 12:22:38,House Rental,House Rental,-1500.0,23931.26
8010-27075685-001,2024-06-22 03:27:48,Merchant Payment,Payment to Alpro Pharmacy,-75.79,23855.47
8010-27075685-001,2024-06-23 08:29:16,Salary Deposit,Salary Deposit,4373.27,28228.74
8010-27075685-001,2024-06-23 17:37:28,Merchant Payment,Payment to Tesco Malaysia,-52.03,28176.71
8010-27075685-001,2024-06-23 20:05:24,Deposit,Payment for Welfare Payment,992.02,29168.73
8010-27075685-001,2024-06-23 22:32:07,Salary Deposit,Salary Deposit,4156.27,33325.0
8010-27075685-001,2024-06-24 05:29:25,Bank Fee,Transfer Fee,-16.93,33308.07
8010-27075685-001,2024-06-24 13:04:25,Deposit,Payment for Electronics Sale Proceeds,541.65,33849.72
8010-27075685-001,2024-06-25 01:48:45,Bank Fee,Overdraft Fee,-33.67,33816.05
8010-27075685-001,2024-06-25 04:15:08,House Rental,House Rental,-1500.0,32316.05
8010-27075685-001,2024-06-25 06:21:59,Salary Deposit,Salary Deposit,4262.42,36578.47
8010-27075685-001,2024-06-25 22:56:14,Withdrawal,ATM Withdrawal,-1524.01,35054.46
8010-27075685-001,2024-06-26 05:47:02,Bank Fee,Overdraft Fee,-31.67,35022.79
8010-27075685-001,2024-06-26 15:10:54,Withdrawal,ATM Withdrawal,-597.55,34425.24
8010-27075685-001,2024-06-27 02:50:35,Salary Deposit,Salary Deposit,4378.29,38803.53
8010-27075685-001,2024-06-28 12:42:08,Withdrawal,ATM Withdrawal,-1121.27,37682.26
8010-27075685-001,2024-06-28 20:54:12,Withdrawal,ATM Withdrawal,-903.11,36779.15
8010-27075685-001,2024-06-29 00:00:00,House Rental,Monthly House Rental Payment,-1500.0,35279.15
8010-27075685-001,2024-06-29 00:00:00,Salary Deposit,Monthly Salary Deposit,4500.0,39779.15
8010-27075685-001,2024-06-29 07:30:52,Withdrawal,ATM Withdrawal,-1191.02,38588.13
8010-27075685-001,2024-06-29 17:26:23,Merchant Payment,Payment to PG Mall,-397.29,38190.84
8010-27075685-001,2024-06-29 23:04:18,House Rental,House Rental,-1500.0,36690.84
8010-27075685-001,2024-06-30 09:24:56,Withdrawal,ATM Withdrawal,-1390.67,35300.17
8010-27075685-001,2024-06-30 09:56:16,Deposit,Payment for Client Payment,809.96,36110.13
8010-27075685-001,2024-07-01 09:51:14,Bill Payment,Payment to Home Insurance Co.,-321.12,35789.01
8010-27075685-001,2024-07-02 08:37:50,Merchant Payment,Payment to Tunetalk,-220.69,35568.32
8010-27075685-001,2024-07-02 09:50:55,Withdrawal,ATM Withdrawal,-1627.97,33940.35
8010-27075685-001,2024-07-02 11:55:47,Deposit,Payment for Credit Card Cash Advance,968.64,34908.99
8010-27075685-001,2024-07-02 20:03:49,House Rental,House Rental,-1500.0,33408.99
8010-27075685-001,2024-07-03 04:57:43,House Rental,House Rental,-1500.0,31908.99
8010-27075685-001,2024-07-03 08:29:24,Withdrawal,ATM Withdrawal,-1655.84,30253.15
8010-27075685-001,2024-07-03 09:33:40,Deposit,Payment for Check Deposit,920.01,31173.16
8010-27075685-001,2024-07-05 01:34:07,House Rental,House Rental,-1500.0,29673.16
8010-27075685-001,2024-07-05 11:13:13,House Rental,House Rental,-1500.0,28173.16
8010-27075685-001,2024-07-05 12:40:59,Deposit,Payment for Utility Bill Refund,896.51,29069.67
8010-27075685-001,2024-07-06 10:55:58,Salary Deposit,Salary Deposit,4016.68,33086.35
8010-27075685-001,2024-07-06 12:36:41,Deposit,Payment for Stimulus Check,801.96,33888.31
8010-27075685-001,2024-07-06 20:58:13,Deposit,Payment for Government Grant,897.39,34785.7
8010-27075685-001,2024-07-06 21:02:59,House Rental,House Rental,-1500.0,33285.7
8010-27075685-001,2024-07-07 08:16:57,Salary Deposit,Salary Deposit,4342.46,37628.16
8010-27075685-001,2024-07-07 12:01:10,Salary Deposit,Salary Deposit,4274.16,41902.32
8010-27075685-001,2024-07-07 22:48:51,Bill Payment,Payment to Library Fine,-919.19,40983.13
8010-27075685-001,2024-07-08 00:03:19,House Rental,House Rental,-1500.0,39483.13
8010-27075685-001,2024-07-08 12:55:39,Salary Deposit,Salary Deposit,4456.32,43939.45
8010-27075685-001,2024-07-08 20:44:23,Merchant Payment,Payment to Astro GO,-180.52,43758.93
8010-27075685-001,2024-07-08 22:32:42,Deposit,Payment for Gift from Friends,710.34,44469.27
8010-27075685-001,2024-07-09 22:07:29,Merchant Payment,Payment to McDonald’s Malaysia,-448.32,44020.95
8010-27075685-001,2024-07-10 15:10:32,Withdrawal,ATM Withdrawal,-387.94,43633.01
8010-27075685-001,2024-07-10 18:28:30,Merchant Payment,Payment to GrabFood,-196.07,43436.94
8010-27075685-001,2024-07-11 04:22:59,Salary Deposit,Salary Deposit,4091.66,47528.6
8010-27075685-001,2024-07-11 05:32:37,Withdrawal,ATM Withdrawal,-838.6,46690.0
8010-27075685-001,2024-07-11 10:42:19,Salary Deposit,Salary Deposit,4123.39,50813.39
8010-27075685-001,2024-07-11 17:56:11,Bill Payment,Payment to Toll Road Payment,-348.2,50465.19
8010-27075685-001,2024-07-11 20:09:46,Merchant Payment,Payment to NSK Trade City,-165.47,50299.72
8010-27075685-001,2024-07-12 08:44:21,House Rental,House Rental,-1500.0,48799.72
8010-27075685-001,2024-07-12 15:18:22,Deposit,Payment for Government Grant,619.62,49419.34
8010-27075685-001,2024-07-12 18:35:28,Bank Fee,Transfer Fee,-10.27,49409.07
8010-27075685-001,2024-07-12 20:00:53,Salary Deposit,Salary Deposit,4428.11,53837.18
8010-27075685-001,2024-07-13 10:47:42,Salary Deposit,Salary Deposit,4187.38,58024.56
8010-27075685-001,2024-07-13 17:30:17,Bank Fee,Transfer Fee,-9.54,58015.02
8010-27075685-001,2024-07-13 18:37:48,House Rental,House Rental,-1500.0,56515.02
8010-27075685-001,2024-07-14 03:08:36,House Rental,House Rental,-1500.0,55015.02
8010-27075685-001,2024-07-14 04:07:51,Bill Payment,Payment to Online Course Platform,-55.73,54959.29
8010-27075685-001,2024-07-14 05:20:57,Deposit,Payment for Payday Loan Disbursement,959.49,55918.78
8010-27075685-001,2024-07-14 12:28:53,Merchant Payment,Payment to Courts Malaysia,-315.75,55603.03
8010-27075685-001,2024-07-14 19:22:01,House Rental,House Rental,-1500.0,54103.03
8010-27075685-001,2024-07-14 22:57:00,Bank Fee,Monthly Maintenance,-47.98,54055.05
8010-27075685-001,2024-07-14 23:07:36,Withdrawal,ATM Withdrawal,-1429.74,52625.31
8010-27075685-001,2024-07-15 11:25:11,Salary Deposit,Salary Deposit,4177.91,56803.22
8010-27075685-001,2024-07-15 18:12:59,Bill Payment,Payment to Hospital Bill,-885.68,55917.54
8010-27075685-001,2024-07-15 18:15:39,Deposit,Payment for Medical Bill Reimbursement,891.13,56808.67
8010-27075685-001,2024-07-16 18:50:40,Bank Fee,Monthly Maintenance,-24.31,56784.36
8010-27075685-001,2024-07-16 21:05:19,Withdrawal,ATM Withdrawal,-1000.68,55783.68
8010-27075685-001,2024-07-17 04:12:00,Deposit,Payment for Insurance Claim Payout,605.43,56389.11
8010-27075685-001,2024-07-17 19:51:35,Salary Deposit,Salary Deposit,4069.94,60459.05
8010-27075685-001,2024-07-17 22:30:39,Merchant Payment,Payment to Nando’s Malaysia,-23.15,60435.9
8010-27075685-001,2024-07-17 23:12:12,Bank Fee,Overdraft Fee,-18.42,60417.48
8010-27075685-001,2024-07-18 09:54:05,House Rental,House Rental,-1500.0,58917.48
8010-27075685-001,2024-07-18 11:56:26,Bank Fee,Monthly Maintenance,-33.88,58883.6
8010-27075685-001,2024-07-18 12:43:32,House Rental,House Rental,-1500.0,57383.6
8010-27075685-001,2024-07-18 16:07:23,Withdrawal,ATM Withdrawal,-1957.82,55425.78
8010-27075685-001,2024-07-18 18:20:52,House Rental,House Rental,-1500.0,53925.78
8010-27075685-001,2024-07-19 09:34:06,House Rental,House Rental,-1500.0,52425.78
8010-27075685-001,2024-07-19 14:07:55,Bill Payment,Payment to Life Insurance Co.,-769.93,51655.85
8010-27075685-001,2024-07-20 11:14:32,House Rental,House Rental,-1500.0,50155.85
8010-27075685-001,2024-07-20 18:12:42,Deposit,Payment for Overtime Pay,980.14,51135.99
8010-27075685-001,2024-07-21 00:02:52,Bill Payment,Payment to Student Loan Provider,-585.67,50550.32
8010-27075685-001,2024-07-21 14:04:18,Bill Payment,Payment to School Supplies Store,-465.21,50085.11
8010-27075685-001,2024-07-21 18:59:17,Bill Payment,Payment to Vision Insurance Co.,-87.28,49997.83
8010-27075685-001,2024-07-21 23:31:31,Withdrawal,ATM Withdrawal,-1778.8,48219.03
8010-27075685-001,2024-07-22 19:37:55,Bill Payment,Payment to School Tuition,-356.82,47862.21
8010-27075685-001,2024-07-23 00:28:47,Merchant Payment,Payment to Giant Malaysia,-447.13,47415.08
8010-27075685-001,2024-07-23 04:46:08,Bank Fee,Transfer Fee,-14.24,47400.84
8010-27075685-001,2024-07-23 09:10:37,Bank Fee,Monthly Maintenance,-40.41,47360.43
8010-27075685-001,2024-07-24 04:58:48,House Rental,House Rental,-1500.0,45860.43
8010-27075685-001,2024-07-24 11:49:24,House Rental,House Rental,-1500.0,44360.43
8010-27075685-001,2024-07-24 20:46:43,Bank Fee,Transfer Fee,-40.63,44319.8
8010-27075685-001,2024-07-24 22:21:53,Merchant Payment,Payment to FashionValet,-328.94,43990.86
8010-27075685-001,2024-07-25 21:58:57,Salary Deposit,Salary Deposit,4138.36,48129.22
8010-27075685-001,2024-07-27 02:40:04,Deposit,Payment for Crowdfunding Proceeds,994.14,49123.36
8010-27075685-001,2024-07-27 08:41:29,Bill Payment,"Payment to Ride-Sharing Service (e.g., Grab)",-270.06,48853.3
8010-27075685-001,2024-07-27 23:35:29,Withdrawal,ATM Withdrawal,-803.74,48049.56
8010-27075685-001,2024-07-28 21:51:13,Deposit,Payment for Franchise Income,874.7,48924.26
8010-27075685-001,2024-07-29 00:00:00,Salary Deposit,Monthly Salary Deposit,4500.0,53424.26
8010-27075685-001,2024-07-29 00:00:00,House Rental,Monthly House Rental Payment,-1500.0,51924.26
8010-27075685-001,2024-07-29 18:47:32,Withdrawal,ATM Withdrawal,-1846.49,50077.77
8010-27075685-001,2024-07-30 03:57:39,Salary Deposit,Salary Deposit,4211.77,54289.54
8010-27075685-001,2024-07-30 06:54:29,Bill Payment,Payment to Lawn Care Service,-476.3,53813.24
8010-27075685-001,2024-07-30 19:08:54,Bank Fee,Monthly Maintenance,-9.29,53803.95
8010-27075685-001,2024-07-30 23:31:53,Salary Deposit,Salary Deposit,4270.46,58074.41
8010-27075685-001,2024-07-31 03:50:05,Bank Fee,Transfer Fee,-43.02,58031.39
8010-27075685-001,2024-07-31 17:36:29,Deposit,Payment for Gift from Friends,700.67,58732.06
8010-27075685-001,2024-08-01 08:03:24,Bank Fee,Monthly Maintenance,-43.57,58688.49
8010-27075685-001,2024-08-02 02:10:02,Salary Deposit,Salary Deposit,4329.93,63018.42
8010-27075685-001,2024-08-02 16:54:37,Bill Payment,Payment to Tutoring Service,-853.69,62164.73
8010-27075685-001,2024-08-02 23:17:37,Withdrawal,ATM Withdrawal,-1035.85,61128.88
8010-27075685-001,2024-08-03 10:22:58,Bill Payment,Payment to School Supplies Store,-146.86,60982.02
8010-27075685-001,2024-08-03 11:58:09,Bank Fee,Monthly Maintenance,-19.05,60962.97
8010-27075685-001,2024-08-03 12:06:08,Withdrawal,ATM Withdrawal,-1868.75,59094.22
8010-27075685-001,2024-08-04 08:26:34,Merchant Payment,Payment to Health Lane Family Pharmacy,-243.22,58851.0
8010-27075685-001,2024-08-04 09:59:29,Salary Deposit,Salary Deposit,4420.05,63271.05
8010-27075685-001,2024-08-04 22:06:55,Bank Fee,Transfer Fee,-6.18,63264.87
8010-27075685-001,2024-08-05 03:13:49,Salary Deposit,Salary Deposit,4093.75,67358.62
8010-27075685-001,2024-08-05 03:57:36,Withdrawal,ATM Withdrawal,-1453.65,65904.97
8010-27075685-001,2024-08-06 00:41:17,Deposit,Payment for Emergency Loan,798.38,66703.35
8010-27075685-001,2024-08-06 03:30:03,Deposit,Payment for Pension Payment,925.56,67628.91
8010-27075685-001,2024-08-06 05:12:43,Salary Deposit,Salary Deposit,4452.27,72081.18
8010-27075685-001,2024-08-06 10:53:17,Withdrawal,ATM Withdrawal,-1914.13,70167.05
8010-27075685-001,2024-08-06 11:48:03,Deposit,Payment for Personal Loan Disbursement,975.28,71142.33
8010-27075685-001,2024-08-06 23:27:25,Merchant Payment,Payment to Booking.com,-338.29,70804.04
8010-27075685-001,2024-08-07 08:40:44,House Rental,House Rental,-1500.0,69304.04
8010-27075685-001,2024-08-07 10:33:02,Merchant Payment,Payment to Holiday Inn Malaysia,-391.84,68912.2
8010-27075685-001,2024-08-07 16:24:46,Salary Deposit,Salary Deposit,4244.72,73156.92
8010-27075685-001,2024-08-08 06:08:31,Bill Payment,Payment to Payday Loan Provider,-70.96,73085.96
8010-27075685-001,2024-08-09 04:51:59,House Rental,House Rental,-1500.0,71585.96
8010-27075685-001,2024-08-10 01:35:54,Salary Deposit,Salary Deposit,4169.17,75755.13
8010-27075685-001,2024-08-10 05:01:05,Deposit,Payment for Business Asset Sale,817.28,76572.41
8010-27075685-001,2024-08-10 21:51:17,Merchant Payment,Payment to Mydin,-269.23,76303.18
8010-27075685-001,2024-08-11 19:55:30,Deposit,Payment for Pension Payment,610.29,76913.47
8010-27075685-001,2024-08-11 19:57:38,Merchant Payment,Payment to myBurgerLab,-199.3,76714.17
8010-27075685-001,2024-08-11 21:40:17,Withdrawal,ATM Withdrawal,-1458.81,75255.36
8010-27075685-001,2024-08-12 13:24:19,Withdrawal,ATM Withdrawal,-1765.9,73489.46
8010-27075685-001,2024-08-12 13:24:34,Bill Payment,Payment to Daycare Service,-204.88,73284.58
8010-27075685-001,2024-08-12 18:35:46,Merchant Payment,Payment to SenQ,-286.29,72998.29
8010-27075685-001,2024-08-12 19:08:16,Salary Deposit,Salary Deposit,4188.47,77186.76
8010-27075685-001,2024-08-14 06:34:27,Deposit,Payment for Commission Payment,785.33,77972.09
8010-27075685-001,2024-08-14 07:38:45,Withdrawal,ATM Withdrawal,-492.69,77479.4
8010-27075685-001,2024-08-14 12:03:52,House Rental,House Rental,-1500.0,75979.4
8010-27075685-001,2024-08-15 13:17:21,Withdrawal,ATM Withdrawal,-404.66,75574.74
8010-27075685-001,2024-08-15 14:01:26,Deposit,Payment for Garage Sale Proceeds,859.76,76434.5
8010-27075685-001,2024-08-16 00:57:49,Withdrawal,ATM Withdrawal,-1643.22,74791.28
8010-27075685-001,2024-08-16 14:00:09,Bill Payment,Payment to Propane Supplier,-161.9,74629.38
8010-27075685-001,2024-08-17 03:24:11,Bank Fee,Transfer Fee,-7.3,74622.08
8010-27075685-001,2024-08-17 03:45:50,Deposit,Payment for Utility Bill Refund,916.13,75538.21
8010-27075685-001,2024-08-17 15:05:58,Withdrawal,ATM Withdrawal,-1467.45,74070.76
8010-27075685-001,2024-08-19 00:54:25,Withdrawal,ATM Withdrawal,-1653.55,72417.21
8010-27075685-001,2024-08-19 05:15:37,House Rental,House Rental,-1500.0,70917.21
8010-27075685-001,2024-08-19 17:20:39,Bank Fee,Transfer Fee,-43.32,70873.89
8010-27075685-001,2024-08-19 21:01:30,Merchant Payment,Payment to Pizza Hut Malaysia,-478.9,70394.99
8010-27075685-001,2024-08-20 13:49:10,Salary Deposit,Salary Deposit,4411.64,74806.63
8010-27075685-001,2024-08-21 07:51:52,Bill Payment,Payment to Library Fine,-417.98,74388.65
8010-27075685-001,2024-08-22 02:19:15,Bank Fee,Monthly Maintenance,-15.02,74373.63
8010-27075685-001,2024-08-22 06:55:37,Deposit,Payment for Cryptocurrency Sale,874.32,75247.95
8010-27075685-001,2024-08-22 08:59:50,Bank Fee,Monthly Maintenance,-46.12,75201.83
8010-27075685-001,2024-08-22 09:23:26,Bill Payment,Payment to Pharmacy,-331.33,74870.5
8010-27075685-001,2024-08-23 19:19:24,Bill Payment,Payment to Home Repair Service,-974.24,73896.26
8010-27075685-001,2024-08-24 04:40:21,Deposit,Payment for Alimony Payment,680.48,74576.74
8010-27075685-001,2024-08-25 02:21:37,Deposit,Payment for Rental Income,885.48,75462.22
8010-27075685-001,2024-08-25 03:55:05,Bill Payment,Payment to Home Phone Service,-263.63,75198.59
8010-27075685-001,2024-08-26 02:10:21,Deposit,Payment for Scholarship Award,604.57,75803.16
8010-27075685-001,2024-08-26 04:34:49,Merchant Payment,Payment to Health Lane Family Pharmacy,-115.22,75687.94
8010-27075685-001,2024-08-26 14:16:58,Salary Deposit,Salary Deposit,4462.24,80150.18
8010-27075685-001,2024-08-26 21:31:51,Bank Fee,Monthly Maintenance,-47.55,80102.63
8010-27075685-001,2024-08-26 22:22:21,Withdrawal,ATM Withdrawal,-757.94,79344.69
8010-27075685-001,2024-08-27 01:35:46,Withdrawal,ATM Withdrawal,-727.9,78616.79
8010-27075685-001,2024-08-27 03:04:44,Bank Fee,Monthly Maintenance,-47.43,78569.36
8010-27075685-001,2024-08-27 21:35:12,House Rental,House Rental,-1500.0,77069.36
8010-27075685-001,2024-08-28 00:00:00,House Rental,Monthly House Rental Payment,-1500.0,75569.36
8010-27075685-001,2024-08-28 00:00:00,Salary Deposit,Monthly Salary Deposit,4500.0,80069.36
8010-27075685-001,2024-08-28 08:59:54,Salary Deposit,Salary Deposit,4100.8,84170.16
8010-27075685-001,2024-08-28 11:39:49,Bank Fee,Overdraft Fee,-18.98,84151.18
8010-27075685-001,2024-08-28 12:21:43,Merchant Payment,Payment to Harvey Norman,-343.19,83807.99
8010-27075685-001,2024-08-28 13:02:58,Bill Payment,"Payment to Streaming Service (e.g., Netflix)",-681.7,83126.29
8010-27075685-001,2024-08-28 13:09:20,Bank Fee,Transfer Fee,-30.32,83095.97
8010-27075685-001,2024-08-29 01:41:59,Salary Deposit,Salary Deposit,4204.34,87300.31
8010-27075685-001,2024-08-29 11:07:16,Bill Payment,Payment to Vision Insurance Co.,-779.46,86520.85
8010-27075685-001,2024-08-29 16:09:07,Bank Fee,Overdraft Fee,-33.01,86487.84
8010-27075685-001,2024-08-29 22:02:34,House Rental,House Rental,-1500.0,84987.84
8010-27075685-001,2024-08-30 10:14:40,Salary Deposit,Salary Deposit,4023.81,89011.65
8010-27075685-001,2024-08-31 00:23:07,Bill Payment,Payment to Renters Insurance Co.,-65.52,88946.13
8010-27075685-001,2024-08-31 10:27:16,Merchant Payment,Payment to Starbucks Malaysia,-295.22,88650.91
8010-27075685-001,2024-09-01 15:30:03,House Rental,House Rental,-1500.0,87150.91
8010-27075685-001,2024-09-02 03:28:17,Bill Payment,Payment to Professional Association Fee,-808.78,86342.13
8010-27075685-001,2024-09-02 18:22:26,Merchant Payment,Payment to Viu Malaysia,-95.6,86246.53
8010-27075685-001,2024-09-03 20:57:46,House Rental,House Rental,-1500.0,84746.53
8010-27075685-001,2024-09-04 20:01:34,Withdrawal,ATM Withdrawal,-1958.3,82788.23
8010-27075685-001,2024-09-04 23:58:18,Bill Payment,Payment to Car Rental Service,-568.01,82220.22
8010-27075685-001,2024-09-05 08:29:26,Bill Payment,Payment to Homeowners Association (HOA),-375.99,81844.23
8010-27075685-001,2024-09-05 12:31:23,Salary Deposit,Salary Deposit,4185.4,86029.63
8010-27075685-001,2024-09-06 20:10:04,Deposit,Payment for Birthday Gift,691.86,86721.49
8010-27075685-001,2024-09-06 22:05:36,Bill Payment,Payment to Electric Company,-497.25,86224.24
8010-27075685-001,2024-09-07 01:15:47,Bill Payment,Payment to Online Course Platform,-431.9,85792.34
8010-27075685-001,2024-09-07 08:36:15,Merchant Payment,Payment to CIMB Bank,-67.12,85725.22
8010-27075685-001,2024-09-07 20:43:11,Bill Payment,Payment to Pet Insurance Co.,-855.57,84869.65
8010-27075685-001,2024-09-08 16:08:07,Withdrawal,ATM Withdrawal,-246.65,84623.0
8010-27075685-001,2024-09-09 00:28:58,Bank Fee,Monthly Maintenance,-6.61,84616.39
8010-27075685-001,2024-09-09 13:04:20,Withdrawal,ATM Withdrawal,-734.61,83881.78
8010-27075685-001,2024-09-09 22:29:54,Merchant Payment,Payment to Holiday Inn Malaysia,-85.72,83796.06
8010-27075685-001,2024-09-09 22:53:21,Merchant Payment,Payment to KFC Malaysia,-139.96,83656.1
8010-27075685-001,2024-09-10 02:24:56,Withdrawal,ATM Withdrawal,-743.28,82912.82
8010-27075685-001,2024-09-11 01:01:46,Salary Deposit,Salary Deposit,4035.38,86948.2
8010-27075685-001,2024-09-11 03:21:22,Withdrawal,ATM Withdrawal,-1156.25,85791.95
8010-27075685-001,2024-09-11 09:01:05,Bank Fee,Transfer Fee,-44.89,85747.06
8010-27075685-001,2024-09-11 18:45:07,Bill Payment,Payment to Legal Fees,-339.42,85407.64
8010-27075685-001,2024-09-12 00:15:20,Merchant Payment,Payment to PappaRich,-202.09,85205.55
8010-27075685-001,2024-09-12 09:16:48,Bill Payment,Payment to Driver’s License Renewal,-845.42,84360.13
8010-27075685-001,2024-09-12 15:37:01,Bill Payment,Payment to Home Cleaning Service,-426.54,83933.59
8010-27075685-001,2024-09-13 05:21:00,Deposit,Payment for Furniture Sale Proceeds,895.78,84829.37
8010-27075685-001,2024-09-14 17:46:23,Salary Deposit,Salary Deposit,4458.17,89287.54
8010-27075685-001,2024-09-14 17:51:51,Salary Deposit,Salary Deposit,4484.81,93772.35
8010-27075685-001,2024-09-14 23:22:19,Deposit,Payment for Check Deposit,591.82,94364.17
8010-27075685-001,2024-09-15 11:33:55,Bill Payment,"Payment to Ride-Sharing Service (e.g., Grab)",-163.95,94200.22
8010-27075685-001,2024-09-15 16:09:32,Deposit,Payment for Antique Sale Proceeds,506.78,94707.0
8010-27075685-001,2024-09-15 21:04:47,Bank Fee,Overdraft Fee,-9.86,94697.14
8010-27075685-001,2024-09-16 01:30:16,Withdrawal,ATM Withdrawal,-1417.11,93280.03
8010-27075685-001,2024-09-16 07:06:44,Merchant Payment,Payment to Robinsons Malaysia,-316.51,92963.52
8010-27075685-001,2024-09-16 17:59:12,Salary Deposit,Salary Deposit,4258.49,97222.01
8010-27075685-001,2024-09-17 11:46:06,Withdrawal,ATM Withdrawal,-471.58,96750.43
8010-27075685-001,2024-09-17 19:19:18,Merchant Payment,Payment to Tealive,-32.25,96718.18
8010-27075685-001,2024-09-18 02:44:55,Deposit,Payment for Inheritance,966.42,97684.6
8010-27075685-001,2024-09-18 04:11:32,House Rental,House Rental,-1500.0,96184.6
8010-27075685-001,2024-09-18 23:29:08,Bill Payment,Payment to Car Loan Provider,-88.69,96095.91
8010-27075685-001,2024-09-20 06:40:06,Merchant Payment,Payment to Aeon,-364.98,95730.93
8010-27075685-001,2024-09-22 03:42:02,Merchant Payment,Payment to Starbucks Malaysia,-442.6,95288.33
8010-27075685-001,2024-09-22 06:58:56,Bill Payment,Payment to Magazine Subscription,-838.81,94449.52
8010-27075685-001,2024-09-22 07:34:16,Bank Fee,Monthly Maintenance,-45.88,94403.64
8010-27075685-001,2024-09-23 02:14:13,Deposit,Payment for Freelance Income,741.23,95144.87
8010-27075685-001,2024-09-23 09:26:26,House Rental,House Rental,-1500.0,93644.87
8010-27075685-001,2024-09-23 16:57:47,House Rental,House Rental,-1500.0,92144.87
8010-27075685-001,2024-09-23 17:55:41,Bill Payment,Payment to Software Subscription,-511.06,91633.81
8010-27075685-001,2024-09-24 23:08:17,House Rental,House Rental,-1500.0,90133.81
8010-27075685-001,2024-09-25 14:14:08,Deposit,Payment for Research Grant,550.02,90683.83
8010-27075685-001,2024-09-25 18:07:27,Merchant Payment,Payment to Pizza Hut Malaysia,-14.31,90669.52
8010-27075685-001,2024-09-25 20:01:12,Merchant Payment,Payment to Courts Malaysia,-114.83,90554.69
8010-27075685-001,2024-09-26 07:33:20,Bill Payment,Payment to Car Loan Provider,-631.54,89923.15
8010-27075685-001,2024-09-26 10:44:26,Withdrawal,ATM Withdrawal,-834.29,89088.86
8010-27075685-001,2024-09-26 14:17:02,House Rental,House Rental,-1500.0,87588.86
8010-27075685-001,2024-09-26 19:35:33,Bill Payment,Payment to Online Course Platform,-462.46,87126.4
8010-27075685-001,2024-09-27 00:00:00,Salary Deposit,Monthly Salary Deposit,4500.0,91626.4
8010-27075685-001,2024-09-27 00:00:00,House Rental,Monthly House Rental Payment,-1500.0,90126.4
8010-27075685-001,2024-09-27 05:18:28,House Rental,House Rental,-1500.0,88626.4
8010-27075685-001,2024-09-27 14:28:04,Bank Fee,Transfer Fee,-12.3,88614.1
8010-27075685-001,2024-09-28 01:44:56,House Rental,House Rental,-1500.0,87114.1
8010-27075685-001,2024-09-28 12:40:28,House Rental,House Rental,-1500.0,85614.1
8010-27075685-001,2024-09-28 19:36:54,Deposit,Payment for Dividend Income,563.77,86177.87
8010-27075685-001,2024-09-28 20:06:40,Merchant Payment,Payment to MRT Malaysia,-175.56,86002.31
8010-27075685-001,2024-09-28 21:59:42,Withdrawal,ATM Withdrawal,-1488.13,84514.18
8010-27075685-001,2024-09-28 22:13:48,Salary Deposit,Salary Deposit,4051.09,88565.27
8010-27075685-001,2024-09-28 22:20:51,Bank Fee,Overdraft Fee,-33.25,88532.02
8010-27075685-001,2024-09-29 11:13:32,Bill Payment,Payment to Sewage Service,-626.3,87905.72
8010-27075685-001,2024-09-29 12:36:47,Merchant Payment,Payment to Starbucks Malaysia,-340.99,87564.73
8010-27075685-001,2024-09-30 07:06:24,Bank Fee,Transfer Fee,-6.0,87558.73
8010-27075685-001,2024-09-30 21:38:35,Bill Payment,Payment to School Supplies Store,-374.14,87184.59
8010-27075685-001,2024-10-01 13:40:53,Salary Deposit,Salary Deposit,4424.71,91609.3
8010-27075685-001,2024-10-01 17:49:26,Merchant Payment,Payment to Public Bank,-391.15,91218.15
8010-27075685-001,2024-10-01 18:52:42,Salary Deposit,Salary Deposit,4400.69,95618.84
8010-27075685-001,2024-10-02 07:19:18,Bill Payment,Payment to Dentist’s Office,-176.98,95441.86
8010-27075685-001,2024-10-03 01:26:32,House Rental,House Rental,-1500.0,93941.86
8010-27075685-001,2024-10-03 02:53:03,Salary Deposit,Salary Deposit,4379.05,98320.91
8010-27075685-001,2024-10-03 23:29:45,House Rental,House Rental,-1500.0,96820.91
8010-27075685-001,2024-10-04 02:54:36,Bill Payment,Payment to VoIP Service,-796.15,96024.76
8010-27075685-001,2024-10-04 10:51:36,Merchant Payment,Payment to Maybank,-477.02,95547.74
8010-27075685-001,2024-10-04 16:49:36,Salary Deposit,Salary Deposit,4149.69,99697.43
8010-27075685-001,2024-10-04 17:33:25,Merchant Payment,Payment to MyCar,-372.44,99324.99
8010-27075685-001,2024-10-05 00:27:46,Bank Fee,Transfer Fee,-20.62,99304.37
8010-27075685-001,2024-10-05 23:02:03,Salary Deposit,Salary Deposit,4157.07,103461.44
8010-27075685-001,2024-10-06 00:04:49,Merchant Payment,Payment to GrabPay,-421.14,103040.3
8010-27075685-001,2024-10-08 05:02:05,Withdrawal,ATM Withdrawal,-1246.23,101794.07
8010-27075685-001,2024-10-08 16:34:04,Salary Deposit,Salary Deposit,4091.72,105885.79
8010-27075685-001,2024-10-09 10:42:44,Withdrawal,ATM Withdrawal,-1827.0,104058.79
8010-27075685-001,2024-10-09 11:20:11,Bill Payment,Payment to Business Loan Provider,-260.58,103798.21
8010-27075685-001,2024-10-11 10:50:08,Salary Deposit,Salary Deposit,4297.12,108095.33
8010-27075685-001,2024-10-11 19:19:00,House Rental,House Rental,-1500.0,106595.33
8010-27075685-001,2024-10-11 20:04:58,Withdrawal,ATM Withdrawal,-251.76,106343.57
8010-27075685-001,2024-10-11 20:11:49,Merchant Payment,Payment to myBurgerLab,-312.35,106031.22
8010-27075685-001,2024-10-12 00:15:32,Withdrawal,ATM Withdrawal,-1738.38,104292.84
8010-27075685-001,2024-10-12 03:44:43,Deposit,Payment for REIT Distributions,640.06,104932.9
8010-27075685-001,2024-10-12 17:16:36,House Rental,House Rental,-1500.0,103432.9
8010-27075685-001,2024-10-13 04:57:46,Salary Deposit,Salary Deposit,4270.15,107703.05
8010-27075685-001,2024-10-13 10:48:03,Bank Fee,Transfer Fee,-42.24,107660.81
8010-27075685-001,2024-10-13 14:27:59,Merchant Payment,Payment to Secret Recipe,-54.72,107606.09
8010-27075685-001,2024-10-14 08:07:38,Bank Fee,Overdraft Fee,-11.74,107594.35
8010-27075685-001,2024-10-14 12:20:24,Deposit,Payment for Business Loan Disbursement,530.17,108124.52
8010-27075685-001,2024-10-15 01:54:14,Merchant Payment,Payment to PrestoMall,-278.11,107846.41
8010-27075685-001,2024-10-15 02:46:13,Deposit,Payment for ATM Deposit,984.84,108831.25
8010-27075685-001,2024-10-15 08:31:58,Withdrawal,ATM Withdrawal,-1266.47,107564.78
8010-27075685-001,2024-10-15 18:59:31,Bank Fee,Monthly Maintenance,-14.66,107550.12
8010-27075685-001,2024-10-16 16:25:13,Merchant Payment,Payment to Domino’s Malaysia,-466.09,107084.03
8010-27075685-001,2024-10-18 20:36:31,Bank Fee,Transfer Fee,-31.06,107052.97
8010-27075685-001,2024-10-19 10:41:10,Bank Fee,Monthly Maintenance,-39.35,107013.62
8010-27075685-001,2024-10-19 18:24:16,Salary Deposit,Salary Deposit,4132.54,111146.16
8010-27075685-001,2024-10-20 05:28:57,Salary Deposit,Salary Deposit,4090.3,115236.46
8010-27075685-001,2024-10-21 23:40:39,Merchant Payment,Payment to YouTube Premium,-280.55,114955.91
8010-27075685-001,2024-10-22 00:48:44,Salary Deposit,Salary Deposit,4395.3,119351.21
8010-27075685-001,2024-10-22 18:57:32,Bill Payment,Payment to Gas Provider,-398.42,118952.79
8010-27075685-001,2024-10-22 19:46:29,House Rental,House Rental,-1500.0,117452.79
8010-27075685-001,2024-10-23 08:35:37,House Rental,House Rental,-1500.0,115952.79
8010-27075685-001,2024-10-23 12:54:30,Salary Deposit,Salary Deposit,4064.24,120017.03
8010-27075685-001,2024-10-23 16:46:01,Salary Deposit,Salary Deposit,4068.37,124085.4
8010-27075685-001,2024-10-23 19:16:48,Withdrawal,ATM Withdrawal,-1353.01,122732.39
8010-27075685-001,2024-10-23 21:14:14,House Rental,House Rental,-1500.0,121232.39
8010-27075685-001,2024-10-24 10:31:52,Deposit,Payment for Business Revenue,866.47,122098.86
8010-27075685-001,2024-10-24 14:57:10,Bill Payment,Payment to Storage Unit Rental,-874.39,121224.47
8010-27075685-001,2024-10-24 17:08:50,House Rental,House Rental,-1500.0,119724.47
8010-27075685-001,2024-10-25 14:12:50,House Rental,House Rental,-1500.0,118224.47
8010-27075685-001,2024-10-25 23:03:41,Bank Fee,Monthly Maintenance,-16.18,118208.29
8010-27075685-001,2024-10-26 01:08:52,Salary Deposit,Salary Deposit,4188.81,122397.1
8010-27075685-001,2024-10-26 01:30:52,Withdrawal,ATM Withdrawal,-852.91,121544.19
8010-27075685-001,2024-10-26 01:53:46,Bill Payment,Payment to Driver’s License Renewal,-96.71,121447.48
8010-27075685-001,2024-10-26 03:28:23,Bill Payment,Payment to Legal Fees,-83.22,121364.26
8010-27075685-001,2024-10-26 04:21:21,Withdrawal,ATM Withdrawal,-1820.62,119543.64
8010-27075685-001,2024-10-26 07:44:22,Withdrawal,ATM Withdrawal,-418.18,119125.46
8010-27075685-001,2024-10-26 18:40:06,Bank Fee,Transfer Fee,-34.4,119091.06
8010-27075685-001,2024-10-27 00:00:00,Salary Deposit,Monthly Salary Deposit,4500.0,123591.06
8010-27075685-001,2024-10-27 00:00:00,House Rental,Monthly House Rental Payment,-1500.0,122091.06
8010-27075685-001,2024-10-28 10:23:43,Withdrawal,ATM Withdrawal,-1582.73,120508.33
8010-27075685-001,2024-10-28 13:27:19,Merchant Payment,Payment to Holiday Inn Malaysia,-478.56,120029.77
8010-27075685-001,2024-10-29 06:13:42,Deposit,Payment for Real Estate Sale Proceeds,708.73,120738.5
8010-27075685-001,2024-10-29 10:29:02,Merchant Payment,Payment to Klook Malaysia,-308.15,120430.35
8010-27075685-001,2024-10-29 18:24:58,Bank Fee,Monthly Maintenance,-16.43,120413.92
8010-27075685-001,2024-10-30 11:17:24,Deposit,Payment for Microloan Disbursement,806.35,121220.27
8010-27075685-001,2024-11-02 10:11:49,Salary Deposit,Salary Deposit,4465.86,125686.13
8010-27075685-001,2024-11-02 11:47:33,Merchant Payment,Payment to KTM Malaysia,-64.7,125621.43
8010-27075685-001,2024-11-03 08:36:37,Bank Fee,Monthly Maintenance,-41.49,125579.94
8010-27075685-001,2024-11-03 19:41:01,Deposit,Payment for Mutual Fund Returns,585.53,126165.47
8010-27075685-001,2024-11-04 12:05:22,Merchant Payment,Payment to Tesco Malaysia,-410.6,125754.87
8010-27075685-001,2024-11-04 12:20:09,Bill Payment,"Payment to Streaming Service (e.g., Netflix)",-842.13,124912.74
8010-27075685-001,2024-11-04 16:31:18,Merchant Payment,Payment to Firefly,-162.53,124750.21
8010-27075685-001,2024-11-05 02:00:58,Merchant Payment,Payment to SenQ,-264.39,124485.82
8010-27075685-001,2024-11-05 02:36:57,Bill Payment,Payment to Home Cleaning Service,-372.06,124113.76
8010-27075685-001,2024-11-05 13:17:15,Withdrawal,ATM Withdrawal,-1036.57,123077.19
8010-27075685-001,2024-11-06 03:17:54,Bank Fee,Transfer Fee,-5.8,123071.39
8010-27075685-001,2024-11-06 11:23:36,Merchant Payment,Payment to Isetan Malaysia,-215.28,122856.11
8010-27075685-001,2024-11-06 23:33:23,Withdrawal,ATM Withdrawal,-778.78,122077.33
8010-27075685-001,2024-11-08 04:31:29,House Rental,House Rental,-1500.0,120577.33
8010-27075685-001,2024-11-08 09:04:46,Deposit,Payment for Payday Loan Disbursement,684.14,121261.47
8010-27075685-001,2024-11-08 11:34:50,House Rental,House Rental,-1500.0,119761.47
8010-27075685-001,2024-11-08 15:32:41,Salary Deposit,Salary Deposit,4152.99,123914.46
8010-27075685-001,2024-11-08 19:45:02,Salary Deposit,Salary Deposit,4025.06,127939.52
8010-27075685-001,2024-11-10 04:29:25,House Rental,House Rental,-1500.0,126439.52
8010-27075685-001,2024-11-10 11:16:03,Bill Payment,Payment to Health Insurance Co.,-807.76,125631.76
8010-27075685-001,2024-11-10 16:52:23,Deposit,Payment for Birthday Gift,884.77,126516.53
8010-27075685-001,2024-11-11 05:12:44,House Rental,House Rental,-1500.0,125016.53
8010-27075685-001,2024-11-11 08:42:25,Bill Payment,Payment to Online Learning Platform,-712.26,124304.27
8010-27075685-001,2024-11-11 23:14:00,House Rental,House Rental,-1500.0,122804.27
8010-27075685-001,2024-11-12 09:08:28,Salary Deposit,Salary Deposit,4491.76,127296.03
8010-27075685-001,2024-11-13 01:37:48,Bank Fee,Overdraft Fee,-27.79,127268.24
8010-27075685-001,2024-11-13 02:30:06,Deposit,Payment for Business Revenue,569.07,127837.31
8010-27075685-001,2024-11-13 04:46:07,Deposit,Payment for Inheritance,959.92,128797.23
8010-27075685-001,2024-11-13 10:52:19,Merchant Payment,Payment to Hermo,-354.04,128443.19
8010-27075685-001,2024-11-13 18:22:44,Salary Deposit,Salary Deposit,4368.55,132811.74
8010-27075685-001,2024-11-14 05:43:42,Bill Payment,Payment to Renewable Energy Provider,-216.89,132594.85
8010-27075685-001,2024-11-14 09:10:48,Deposit,Payment for Business Asset Sale,899.97,133494.82
8010-27075685-001,2024-11-14 17:15:43,Bill Payment,Payment to VPN Provider,-719.5,132775.32
8010-27075685-001,2024-11-15 07:23:21,Withdrawal,ATM Withdrawal,-363.11,132412.21
8010-27075685-001,2024-11-15 11:47:18,Deposit,Payment for Personal Loan Disbursement,657.63,133069.84
8010-27075685-001,2024-11-16 04:20:41,Salary Deposit,Salary Deposit,4497.45,137567.29
8010-27075685-001,2024-11-16 07:10:42,Bank Fee,Monthly Maintenance,-22.57,137544.72
8010-27075685-001,2024-11-16 07:45:29,Salary Deposit,Salary Deposit,4081.74,141626.46
8010-27075685-001,2024-11-16 17:50:39,House Rental,House Rental,-1500.0,140126.46
8010-27075685-001,2024-11-17 07:48:48,Bill Payment,Payment to Library Fine,-373.82,139752.64
8010-27075685-001,2024-11-18 13:22:51,Salary Deposit,Salary Deposit,4415.74,144168.38
8010-27075685-001,2024-11-18 18:18:43,Withdrawal,ATM Withdrawal,-682.22,143486.16
8010-27075685-001,2024-11-18 19:10:54,House Rental,House Rental,-1500.0,141986.16
8010-27075685-001,2024-11-18 19:41:21,Bank Fee,Monthly Maintenance,-33.57,141952.59
8010-27075685-001,2024-11-19 14:35:27,Bill Payment,Payment to Peer-to-Peer Lending Platform,-511.45,141441.14
8010-27075685-001,2024-11-19 17:16:58,Bank Fee,Overdraft Fee,-12.47,141428.67
8010-27075685-001,2024-11-20 00:27:47,Merchant Payment,Payment to TNG Visa,-286.68,141141.99
8010-27075685-001,2024-11-20 03:18:15,Deposit,Payment for Garage Sale Proceeds,585.48,141727.47
8010-27075685-001,2024-11-20 22:41:23,Merchant Payment,Payment to GrabPay,-81.11,141646.36
8010-27075685-001,2024-11-21 01:41:24,House Rental,House Rental,-1500.0,140146.36
8010-27075685-001,2024-11-21 03:13:33,House Rental,House Rental,-1500.0,138646.36
8010-27075685-001,2024-11-21 03:26:28,Withdrawal,ATM Withdrawal,-801.73,137844.63
8010-27075685-001,2024-11-21 10:16:03,Bill Payment,Payment to Medical Lab Fee,-217.51,137627.12
8010-27075685-001,2024-11-21 10:32:36,Bill Payment,"Payment to Streaming Service (e.g., Netflix)",-416.13,137210.99
8010-27075685-001,2024-11-24 00:51:38,Bank Fee,Monthly Maintenance,-32.47,137178.52
8010-27075685-001,2024-11-24 01:54:13,Deposit,Payment for Cash Deposit,911.35,138089.87
8010-27075685-001,2024-11-24 12:41:18,Bank Fee,Overdraft Fee,-29.92,138059.95
8010-27075685-001,2024-11-24 17:30:25,Merchant Payment,Payment to Netflix,-355.2,137704.75
8010-27075685-001,2024-11-25 13:36:17,Deposit,Payment for Property Sale Proceeds,710.64,138415.39
8010-27075685-001,2024-11-26 00:00:00,Salary Deposit,Monthly Salary Deposit,4500.0,142915.39
8010-27075685-001,2024-11-26 00:00:00,House Rental,Monthly House Rental Payment,-1500.0,141415.39
8010-27075685-001,2024-11-26 04:45:00,Deposit,Payment for Peer-to-Peer Lending Returns,864.89,142280.28
8010-27075685-001,2024-11-26 07:31:13,Salary Deposit,Salary Deposit,4128.06,146408.34
8010-27075685-001,2024-11-26 13:12:10,Withdrawal,ATM Withdrawal,-1019.18,145389.16
8010-27075685-001,2024-11-26 18:35:15,Withdrawal,ATM Withdrawal,-1962.59,143426.57
8010-27075685-001,2024-11-26 18:42:34,Withdrawal,ATM Withdrawal,-1277.76,142148.81
8010-27075685-001,2024-11-27 05:51:28,Bank Fee,Transfer Fee,-22.96,142125.85
8010-27075685-001,2024-11-27 23:51:45,Salary Deposit,Salary Deposit,4258.72,146384.57
8010-27075685-001,2024-11-28 12:14:26,House Rental,House Rental,-1500.0,144884.57
8010-27075685-001,2024-11-28 23:01:53,Merchant Payment,Payment to McDonald’s Malaysia,-426.03,144458.54
8010-27075685-001,2024-11-29 06:34:48,Bank Fee,Overdraft Fee,-32.01,144426.53
8010-27075685-001,2024-11-29 07:02:17,Merchant Payment,Payment to TNG Visa,-184.55,144241.98
8010-27075685-001,2024-11-29 10:15:57,Salary Deposit,Salary Deposit,4221.32,148463.3
8010-27075685-001,2024-11-29 17:53:14,Salary Deposit,Salary Deposit,4351.55,152814.85
8010-27075685-001,2024-11-30 09:53:25,Deposit,Payment for Welfare Payment,680.45,153495.3
8010-27075685-001,2024-11-30 11:54:08,Merchant Payment,Payment to CIMB Bank,-114.83,153380.47
8010-27075685-001,2024-11-30 18:53:19,Bank Fee,Overdraft Fee,-30.96,153349.51
8010-27075685-001,2024-11-30 23:13:48,House Rental,House Rental,-1500.0,151849.51
8010-27075685-001,2024-12-01 04:13:42,Salary Deposit,Salary Deposit,4497.84,156347.35
8010-27075685-001,2024-12-01 15:45:37,Salary Deposit,Salary Deposit,4015.19,160362.54
8010-27075685-001,2024-12-01 21:30:12,Deposit,Payment for Welfare Payment,631.66,160994.2
8010-27075685-001,2024-12-01 23:33:20,Deposit,Payment for Sales Proceeds,537.0,161531.2
8010-27075685-001,2024-12-02 05:35:49,Bill Payment,Payment to Internet Provider,-438.82,161092.38
8010-27075685-001,2024-12-02 14:30:21,Withdrawal,ATM Withdrawal,-334.74,160757.64
8010-27075685-001,2024-12-02 18:41:30,Salary Deposit,Salary Deposit,4145.6,164903.24
8010-27075685-001,2024-12-02 20:31:23,Merchant Payment,Payment to Ramen Ichiraku,-221.46,164681.78
8010-27075685-001,2024-12-03 08:13:35,Withdrawal,ATM Withdrawal,-1630.53,163051.25
8010-27075685-001,2024-12-03 09:07:32,Merchant Payment,Payment to Marrybrown,-293.01,162758.24
8010-27075685-001,2024-12-03 16:18:08,Bank Fee,Overdraft Fee,-39.12,162719.12
8010-27075685-001,2024-12-03 23:03:15,Bank Fee,Transfer Fee,-44.49,162674.63
8010-27075685-001,2024-12-04 00:10:40,Withdrawal,ATM Withdrawal,-1226.09,161448.54
8010-27075685-001,2024-12-04 05:54:08,Deposit,Payment for Unemployment Benefits,767.87,162216.41
8010-27075685-001,2024-12-04 07:55:22,Bill Payment,Payment to Trash Collection Service,-743.93,161472.48
8010-27075685-001,2024-12-04 16:43:12,Bill Payment,Payment to Business Loan Provider,-325.05,161147.43
8010-27075685-001,2024-12-04 20:01:26,Salary Deposit,Salary Deposit,4234.48,165381.91
8010-27075685-001,2024-12-05 03:07:33,Withdrawal,ATM Withdrawal,-1162.56,164219.35
8010-27075685-001,2024-12-05 04:25:40,Bill Payment,Payment to Prescription Delivery,-553.32,163666.03
8010-27075685-001,2024-12-05 16:40:31,Bank Fee,Transfer Fee,-20.77,163645.26
8010-27075685-001,2024-12-05 19:55:14,Merchant Payment,Payment to GrabFood,-169.42,163475.84
8010-27075685-001,2024-12-05 20:29:43,Bill Payment,Payment to Legal Fees,-492.46,162983.38
8010-27075685-001,2024-12-06 03:58:03,Withdrawal,ATM Withdrawal,-1402.48,161580.9
8010-27075685-001,2024-12-06 09:00:08,House Rental,House Rental,-1500.0,160080.9
8010-27075685-001,2024-12-06 21:17:34,Deposit,Payment for Tax Refund,519.04,160599.94
8010-27075685-001,2024-12-07 09:24:34,Bill Payment,Payment to Medical Lab Fee,-684.3,159915.64
8010-27075685-001,2024-12-08 21:25:53,Merchant Payment,Payment to Malindo Air (now Batik Air),-97.48,159818.16
8010-27075685-001,2024-12-09 00:56:16,House Rental,House Rental,-1500.0,158318.16
8010-27075685-001,2024-12-09 01:03:34,Bill Payment,Payment to Moving Company,-978.25,157339.91
8010-27075685-001,2024-12-09 13:23:23,House Rental,House Rental,-1500.0,155839.91
8010-27075685-001,2024-12-09 14:02:39,Deposit,Payment for Child Support Payment,911.54,156751.45
8010-27075685-001,2024-12-10 00:02:29,Bill Payment,Payment to Wedding Planner,-80.39,156671.06
8010-27075685-001,2024-12-12 19:40:34,Bank Fee,Monthly Maintenance,-30.8,156640.26
8010-27075685-001,2024-12-13 21:09:22,House Rental,House Rental,-1500.0,155140.26
8010-27075685-001,2024-12-13 23:33:54,Withdrawal,ATM Withdrawal,-1125.91,154014.35
8010-27075685-001,2024-12-14 00:25:50,Deposit,Payment for Real Estate Sale Proceeds,651.76,154666.11
8010-27075685-001,2024-12-14 10:44:41,Withdrawal,ATM Withdrawal,-1204.31,153461.8
8010-27075685-001,2024-12-14 14:52:03,Merchant Payment,Payment to Columbia Asia Hospital,-391.92,153069.88
8010-27075685-001,2024-12-16 04:11:58,Salary Deposit,Salary Deposit,4149.82,157219.7
8010-27075685-001,2024-12-16 22:41:28,House Rental,House Rental,-1500.0,155719.7
8010-27075685-001,2024-12-16 23:04:18,Withdrawal,ATM Withdrawal,-687.03,155032.67
8010-27075685-001,2024-12-17 00:49:40,Deposit,Payment for Research Grant,811.79,155844.46
8010-27075685-001,2024-12-17 19:04:31,Withdrawal,ATM Withdrawal,-173.46,155671.0
8010-27075685-001,2024-12-18 12:50:22,Salary Deposit,Salary Deposit,4444.35,160115.35
8010-27075685-001,2024-12-19 23:38:32,Salary Deposit,Salary Deposit,4419.75,164535.1
8010-27075685-001,2024-12-20 03:38:24,Bill Payment,Payment to Life Insurance Co.,-935.12,163599.98
8010-27075685-001,2024-12-20 06:09:25,House Rental,House Rental,-1500.0,162099.98
8010-27075685-001,2024-12-21 05:01:34,Withdrawal,ATM Withdrawal,-1234.45,160865.53
8010-27075685-001,2024-12-22 10:24:40,Merchant Payment,Payment to Public Bank,-220.36,160645.17
8010-27075685-001,2024-12-22 20:47:59,Bank Fee,Transfer Fee,-49.47,160595.7
8010-27075685-001,2024-12-23 03:08:59,Bill Payment,Payment to Newspaper Subscription,-823.91,159771.79
8010-27075685-001,2024-12-23 03:20:42,Bank Fee,Overdraft Fee,-45.38,159726.41
8010-27075685-001,2024-12-23 04:31:23,Bill Payment,Payment to Internet Provider,-856.42,158869.99
8010-27075685-001,2024-12-23 14:23:46,Merchant Payment,Payment to Agoda,-329.09,158540.9
8010-27075685-001,2024-12-24 11:08:13,House Rental,House Rental,-1500.0,157040.9
8010-27075685-001,2024-12-24 21:51:37,Deposit,Payment for Social Security Benefits,587.75,157628.65
8010-27075685-001,2024-12-25 12:32:47,Withdrawal,ATM Withdrawal,-732.95,156895.7
8010-27075685-001,2024-12-26 00:00:00,Salary Deposit,Monthly Salary Deposit,4500.0,161395.7
8010-27075685-001,2024-12-26 00:00:00,House Rental,Monthly House Rental Payment,-1500.0,159895.7
8010-27075685-001,2024-12-26 02:40:30,Withdrawal,ATM Withdrawal,-1977.41,157918.29
8010-27075685-001,2024-12-26 08:53:51,Bill Payment,Payment to Vision Care Provider,-595.94,157322.35
8010-27075685-001,2024-12-26 10:14:00,House Rental,House Rental,-1500.0,155822.35
8010-27075685-001,2024-12-26 13:07:39,Salary Deposit,Salary Deposit,4498.59,160320.94
8010-27075685-001,2024-12-27 17:13:25,Deposit,Payment for Jewelry Sale Proceeds,914.09,161235.03
8010-27075685-001,2024-12-27 21:04:19,Merchant Payment,Payment to Sushi King,-249.8,160985.23
8010-27075685-001,2024-12-28 10:46:43,Deposit,Payment for Education Grant,677.0,161662.23
8010-27075685-001,2024-12-28 12:32:16,Withdrawal,ATM Withdrawal,-1061.32,160600.91
8010-27075685-001,2024-12-28 15:18:38,Bank Fee,Monthly Maintenance,-18.75,160582.16
8010-27075685-001,2024-12-29 12:36:24,Merchant Payment,Payment to Chatime Malaysia,-342.0,160240.16
8010-27075685-001,2024-12-29 17:08:30,Deposit,Payment for Stimulus Check,667.33,160907.49
8010-27075685-001,2024-12-29 23:03:00,Bill Payment,Payment to Vision Care Provider,-333.24,160574.25
8010-27075685-001,2024-12-30 15:00:28,House Rental,House Rental,-1500.0,159074.25
8010-27075685-001,2024-12-30 15:15:43,House Rental,House Rental,-1500.0,157574.25
8010-27075685-001,2024-12-31 04:45:55,Merchant Payment,Payment to MyCar,-127.19,157447.06
8010-27075685-001,2024-12-31 10:10:46,Withdrawal,ATM Withdrawal,-1173.79,156273.27
8010-27075685-001,2024-12-31 17:40:08,Withdrawal,ATM Withdrawal,-1221.61,155051.66
8010-27075685-001,2024-12-31 21:40:11,Bank Fee,Overdraft Fee,-30.52,155021.14
8010-27075685-001,2025-01-01 00:05:56,Merchant Payment,Payment to Netflix,-57.28,154963.86
8010-27075685-001,2025-01-01 13:57:38,Withdrawal,ATM Withdrawal,-325.02,154638.84
8010-27075685-001,2025-01-01 15:05:40,Merchant Payment,Payment to Holiday Inn Malaysia,-231.28,154407.56
8010-27075685-001,2025-01-01 23:36:32,Deposit,Payment for Insurance Claim Payout,842.35,155249.91
8010-27075685-001,2025-01-02 06:27:15,Bank Fee,Overdraft Fee,-15.82,155234.09
8010-27075685-001,2025-01-03 10:04:59,Bill Payment,Payment to Gas Provider,-991.63,154242.46
8010-27075685-001,2025-01-05 03:13:40,Bill Payment,Payment to Therapy Service,-249.09,153993.37
8010-27075685-001,2025-01-05 06:09:46,Merchant Payment,Payment to GrabPay,-349.24,153644.13
8010-27075685-001,2025-01-05 12:35:49,Salary Deposit,Salary Deposit,4279.16,157923.29
8010-27075685-001,2025-01-07 19:29:02,Merchant Payment,Payment to Isetan Malaysia,-56.11,157867.18
8010-27075685-001,2025-01-07 22:52:33,Bank Fee,Overdraft Fee,-32.92,157834.26
8010-27075685-001,2025-01-08 07:41:10,Bill Payment,Payment to Debt Consolidation Service,-61.77,157772.49
8010-27075685-001,2025-01-08 10:05:08,Merchant Payment,Payment to Klook Malaysia,-59.7,157712.79
8010-27075685-001,2025-01-09 02:40:09,Deposit,Payment for Annuity Payment,569.88,158282.67
8010-27075685-001,2025-01-09 06:24:01,Bill Payment,Payment to Toll Road Payment,-227.41,158055.26
8010-27075685-001,2025-01-09 07:43:47,Bank Fee,Monthly Maintenance,-42.64,158012.62
8010-27075685-001,2025-01-09 13:22:35,Deposit,Payment for Jewelry Sale Proceeds,559.8,158572.42
8010-27075685-001,2025-01-09 18:33:31,House Rental,House Rental,-1500.0,157072.42
8010-27075685-001,2025-01-11 07:41:23,Withdrawal,ATM Withdrawal,-1405.33,155667.09
8010-27075685-001,2025-01-11 10:47:34,House Rental,House Rental,-1500.0,154167.09
8010-27075685-001,2025-01-12 15:01:47,Bank Fee,Monthly Maintenance,-14.68,154152.41
8010-27075685-001,2025-01-12 19:41:49,Bank Fee,Overdraft Fee,-47.01,154105.4
8010-27075685-001,2025-01-13 03:50:33,Merchant Payment,Payment to Sushi King,-237.16,153868.24
8010-27075685-001,2025-01-13 21:24:46,Deposit,Payment for Legal Settlement,734.11,154602.35
8010-27075685-001,2025-01-14 06:02:08,Deposit,Payment for Child Support Payment,568.44,155170.79
8010-27075685-001,2025-01-14 11:46:33,Withdrawal,ATM Withdrawal,-1962.63,153208.16
8010-27075685-001,2025-01-14 14:11:21,Deposit,Payment for Wedding Gift,820.5,154028.66
8010-27075685-001,2025-01-14 19:54:28,Withdrawal,ATM Withdrawal,-1153.69,152874.97
8010-27075685-001,2025-01-14 21:47:23,Bill Payment,Payment to Credit Card Company,-544.66,152330.31
8010-27075685-001,2025-01-15 04:13:47,Withdrawal,ATM Withdrawal,-1056.24,151274.07
8010-27075685-001,2025-01-15 08:26:46,Salary Deposit,Salary Deposit,4043.39,155317.46
8010-27075685-001,2025-01-15 16:22:17,Bank Fee,Transfer Fee,-21.77,155295.69
8010-27075685-001,2025-01-15 20:37:03,Deposit,Payment for Consulting Fees,670.25,155965.94
8010-27075685-001,2025-01-16 13:11:28,Deposit,Payment for Commission Payment,602.58,156568.52
8010-27075685-001,2025-01-16 14:56:38,Withdrawal,ATM Withdrawal,-1734.76,154833.76
8010-27075685-001,2025-01-17 18:33:33,Bank Fee,Overdraft Fee,-31.02,154802.74
8010-27075685-001,2025-01-18 09:41:25,Withdrawal,ATM Withdrawal,-1018.5,153784.24
8010-27075685-001,2025-01-19 04:50:31,Merchant Payment,Payment to Tonton,-351.59,153432.65
8010-27075685-001,2025-01-19 11:41:57,Merchant Payment,Payment to Lazada,-455.99,152976.66
8010-27075685-001,2025-01-19 18:56:05,Merchant Payment,Payment to Robinsons Malaysia,-83.63,152893.03
8010-27075685-001,2025-01-20 10:19:39,Salary Deposit,Salary Deposit,4306.66,157199.69
8010-27075685-001,2025-01-21 23:29:37,House Rental,House Rental,-1500.0,155699.69
8010-27075685-001,2025-01-22 03:13:35,Withdrawal,ATM Withdrawal,-1212.32,154487.37
8010-27075685-001,2025-01-22 03:43:58,Salary Deposit,Salary Deposit,4392.08,158879.45
8010-27075685-001,2025-01-22 23:56:14,Withdrawal,ATM Withdrawal,-268.69,158610.76
8010-27075685-001,2025-01-23 00:36:14,Deposit,Payment for Investment Maturity Payout,818.7,159429.46
8010-27075685-001,2025-01-23 07:44:21,Bank Fee,Monthly Maintenance,-42.8,159386.66
8010-27075685-001,2025-01-23 10:48:04,House Rental,House Rental,-1500.0,157886.66
8010-27075685-001,2025-01-24 09:54:08,House Rental,House Rental,-1500.0,156386.66
8010-27075685-001,2025-01-25 00:00:00,Salary Deposit,Monthly Salary Deposit,4500.0,160886.66
8010-27075685-001,2025-01-25 00:00:00,House Rental,Monthly House Rental Payment,-1500.0,159386.66
8010-27075685-001,2025-01-25 03:58:35,Withdrawal,ATM Withdrawal,-562.32,158824.34
8010-27075685-001,2025-01-25 04:31:13,House Rental,House Rental,-1500.0,157324.34
8010-27075685-001,2025-01-25 15:48:02,Merchant Payment,Payment to Hermo,-316.16,157008.18
8010-27075685-001,2025-01-26 08:44:43,House Rental,House Rental,-1500.0,155508.18
8010-27075685-001,2025-01-26 16:38:06,Merchant Payment,Payment to Starbucks Malaysia,-154.44,155353.74
8010-27075685-001,2025-01-26 17:53:33,Bank Fee,Monthly Maintenance,-15.39,155338.35
8010-27075685-001,2025-01-26 22:19:47,Withdrawal,ATM Withdrawal,-407.35,154931.0
8010-27075685-001,2025-01-27 01:49:49,Withdrawal,ATM Withdrawal,-1865.53,153065.47
8010-27075685-001,2025-01-27 08:38:29,Deposit,Payment for Business Asset Sale,713.43,153778.9
8010-27075685-001,2025-01-27 11:33:28,Salary Deposit,Salary Deposit,4076.3,157855.2
8010-27075685-001,2025-01-27 11:52:21,Deposit,Payment for Crowdfunding Proceeds,697.82,158553.02
8010-27075685-001,2025-01-27 14:16:39,Merchant Payment,Payment to airasia food,-409.57,158143.45
8010-27075685-001,2025-01-28 14:54:55,House Rental,House Rental,-1500.0,156643.45
8010-27075685-001,2025-01-29 06:26:58,Merchant Payment,Payment to Touch ‘n Go eWallet,-496.59,156146.86
8010-27075685-001,2025-01-29 08:18:51,Salary Deposit,Salary Deposit,4149.23,160296.09
8010-27075685-001,2025-01-29 13:14:53,House Rental,House Rental,-1500.0,158796.09
8010-27075685-001,2025-01-29 19:26:03,Bill Payment,Payment to Car Insurance Co.,-248.53,158547.56
8010-27075685-001,2025-01-30 03:54:13,Salary Deposit,Salary Deposit,4090.49,162638.05
8010-27075685-001,2025-01-30 04:22:27,Deposit,Payment for Product Return Refund,925.03,163563.08
8010-27075685-001,2025-01-30 06:13:13,Deposit,Payment for Utility Bill Refund,884.44,164447.52
8010-27075685-001,2025-01-30 08:35:15,Bank Fee,Monthly Maintenance,-26.19,164421.33
8010-27075685-001,2025-01-31 00:35:19,House Rental,House Rental,-1500.0,162921.33
8010-27075685-001,2025-02-01 01:37:11,Bill Payment,Payment to Landlord,-107.77,162813.56
8010-27075685-001,2025-02-01 08:01:47,Withdrawal,ATM Withdrawal,-768.12,162045.44
8010-27075685-001,2025-02-01 10:20:06,Merchant Payment,Payment to Lenovo Malaysia,-454.75,161590.69
8010-27075685-001,2025-02-01 15:53:52,Bank Fee,Monthly Maintenance,-47.23,161543.46
8010-27075685-001,2025-02-02 06:33:20,House Rental,House Rental,-1500.0,160043.46
8010-27075685-001,2025-02-02 06:57:34,Salary Deposit,Salary Deposit,4387.77,164431.23
8010-27075685-001,2025-02-02 07:27:50,House Rental,House Rental,-1500.0,162931.23
8010-27075685-001,2025-02-02 10:59:33,House Rental,House Rental,-1500.0,161431.23
8010-27075685-001,2025-02-02 14:18:55,Bank Fee,Transfer Fee,-22.95,161408.28
8010-27075685-001,2025-02-02 15:32:31,Merchant Payment,Payment to Tonton,-381.78,161026.5
8010-27075685-001,2025-02-02 15:43:58,Merchant Payment,Payment to Robinsons Malaysia,-363.59,160662.91
8010-27075685-001,2025-02-02 20:28:34,Withdrawal,ATM Withdrawal,-728.62,159934.29
8010-27075685-001,2025-02-02 21:51:50,House Rental,House Rental,-1500.0,158434.29
8010-27075685-001,2025-02-03 03:13:48,Merchant Payment,Payment to RHB Bank,-114.22,158320.07
8010-27075685-001,2025-02-03 14:35:07,Bank Fee,Overdraft Fee,-43.5,158276.57
8010-27075685-001,2025-02-03 18:39:08,Deposit,Payment for Retirement Fund Withdrawal,542.2,158818.77
8010-27075685-001,2025-02-05 02:39:57,Deposit,Payment for Dividend Income,991.15,159809.92
8010-27075685-001,2025-02-05 16:02:07,Deposit,Payment for Sales Proceeds,836.08,160646.0
